-- phpMyAdmin SQL Dump
-- version 4.2.7.1
-- http://www.phpmyadmin.net
--
-- Host: 127.0.0.1
-- Generation Time: Jan 23, 2015 at 01:33 PM
-- Server version: 5.6.20
-- PHP Version: 5.5.15

SET SQL_MODE = "NO_AUTO_VALUE_ON_ZERO";
SET time_zone = "+00:00";


/*!40101 SET @OLD_CHARACTER_SET_CLIENT=@@CHARACTER_SET_CLIENT */;
/*!40101 SET @OLD_CHARACTER_SET_RESULTS=@@CHARACTER_SET_RESULTS */;
/*!40101 SET @OLD_COLLATION_CONNECTION=@@COLLATION_CONNECTION */;
/*!40101 SET NAMES utf8 */;

--
-- Database: `smartfca2`
--

-- --------------------------------------------------------

--
-- Table structure for table `trx_detail`
--

CREATE TABLE IF NOT EXISTS `trx_detail` (
  `DOC_NUMBER` int(10) NOT NULL,
  `YEAR` int(4) NOT NULL,
  `MONTH` int(2) NOT NULL,
  `LEVEL` varchar(5) NOT NULL,
  `AREA` varchar(30) NOT NULL,
  `FIATUR` varchar(5) NOT NULL,
  `APPROVAL_LEVEL` varchar(5) NOT NULL,
  `FLOW_MAIN` text NOT NULL,
  `REJECT_FLAG` varchar(1) NOT NULL,
  `REJECT_LEVEL` varchar(5) NOT NULL,
  `REJECT_FLOW` text NOT NULL,
  `NOT_COMPLETE` varchar(1) NOT NULL,
  `DELETE_FLAG` varchar(1) NOT NULL,
  `NAMA_MITRA` varchar(40) NOT NULL,
  `NAMA_PROYEK` varchar(100) NOT NULL,
  `KONTRAK_NO` varchar(30) NOT NULL,
  `KONTRAK_TGL` date NOT NULL,
  `KONTRAK_CURRENCY` varchar(3) NOT NULL,
  `KONTRAK_AMOUNT` double NOT NULL,
  `PO_SP_NO` varchar(30) NOT NULL,
  `PO_SP_TGL` date NOT NULL,
  `PO_SP_CURRENCY` varchar(3) NOT NULL,
  `PO_SP_AMOUNT` double NOT NULL,
  `AMANDEMEN_NO` varchar(30) NOT NULL,
  `AMANDEMEN_TGL` date NOT NULL,
  `AMANDEMEN_CURRENCY` varchar(3) NOT NULL,
  `AMANDEMEN_AMOUNT` double NOT NULL,
  `TRUE_VALUE_CURRENCY` varchar(3) NOT NULL,
  `TRUE_VALUE` double NOT NULL,
  `FOREIGN_CURRENCY` varchar(3) NOT NULL,
  `FOREIGN_AMOUNT` double NOT NULL,
  `KETERANGAN` varchar(70) NOT NULL,
  `NO_SAP` varchar(15) NOT NULL,
  `NO_SPB` varchar(20) NOT NULL,
  `TAGIHAN_MARK` varchar(1) NOT NULL,
  `TAGIHAN_NO` varchar(30) NOT NULL,
  `TAGIHAN_TGL` date NOT NULL,
  `TAGIHAN_TGL_MASUK` date NOT NULL,
  `INVOICE_MARK` varchar(1) NOT NULL,
  `INVOICE_NO` varchar(30) NOT NULL,
  `INVOICE_TGL` date NOT NULL,
  `INVOICE_TGL_MASUK` date NOT NULL,
  `PO_NON_PPN_MARK` varchar(1) NOT NULL,
  `PO_NON_PPN_CURRENCY` varchar(3) NOT NULL,
  `PO_NON_PPN_AMOUNT` double NOT NULL,
  `PO_NON_PPN_AMANDEMEN_CURRENCY` varchar(3) NOT NULL,
  `PO_NON_PPN_AMANDEMEN_AMOUNT` double NOT NULL,
  `PO_NON_PPN_THP_REKON` varchar(30) NOT NULL,
  `BATAS_AKHIR_PRJ_MARK` varchar(1) NOT NULL,
  `BATAS_AKHIR_PRJ_NO_BAUT` varchar(30) NOT NULL,
  `BAST_NON_PPN_MARK` varchar(1) NOT NULL,
  `BAST_NON_PPN_CURRENCY` varchar(3) NOT NULL,
  `BAST_NON_PPN_AMOUNT` double NOT NULL,
  `BAST_NON_PPN_BARANG` varchar(50) NOT NULL,
  `BAST_NON_PPN_JASA` varchar(50) NOT NULL,
  `BAST_NON_PPN_TGL_BAUT` date NOT NULL,
  `BAST_NON_PPN_TGL_BAST` date NOT NULL,
  `PTG_UANG_MUKA_MARK` varchar(1) NOT NULL,
  `PTG_UANG_MUKA_CURRENCY` varchar(3) NOT NULL,
  `PTG_UANG_MUKA_AMOUNT` double NOT NULL,
  `KUITANSI_PPN_MARK` varchar(1) NOT NULL,
  `KUITANSI_PPN_CURRENCY` varchar(3) NOT NULL,
  `KUITANSI_PPN_AMOUNT` double NOT NULL,
  `KUITANSI_PPN_ATAU` varchar(50) NOT NULL,
  `KUITANSI_PPN_NO` varchar(30) NOT NULL,
  `REKENING_MARK` varchar(1) NOT NULL,
  `REKENING_ATS_NAMA` varchar(30) NOT NULL,
  `REKENING_CURRENCY` varchar(3) NOT NULL,
  `REKENING_AMOUNT` double NOT NULL,
  `REKENING_BANK` varchar(20) NOT NULL,
  `REKENING_SW_CODE` varchar(30) NOT NULL,
  `FAKTUR_PJK_MARK` varchar(1) NOT NULL,
  `FAKTUR_PJK_CURRENCY` varchar(3) NOT NULL,
  `FAKTUR_PJK_AMOUNT` double NOT NULL,
  `FAKTUR_PJK_NO` varchar(30) NOT NULL,
  `FAKTUR_PJK_TGL` date NOT NULL,
  `JAMN_UANG_MUKA_MARK` varchar(1) NOT NULL,
  `JAMN_UANG_MUKA_CURRENCY` varchar(3) NOT NULL,
  `JAMN_UANG_MUKA_AMOUNT` double NOT NULL,
  `JAMN_UANG_MUKA_ASSR` varchar(30) NOT NULL,
  `JAMN_UANG_MUKA_EXPIRED` date NOT NULL,
  `JAMN_PELKSNA_MARK` varchar(1) NOT NULL,
  `JAMN_PELKSNA_CURRENCY` varchar(3) NOT NULL,
  `JAMN_PELKSNA_AMOUNT` double NOT NULL,
  `JAMN_PELKSNA_ASSR` varchar(30) NOT NULL,
  `JAMN_PELKSNA_EXPIRED` date NOT NULL,
  `JAMN_PLHRA_MARK` varchar(1) NOT NULL,
  `JAMN_PLHRA_CURRENCY` varchar(3) NOT NULL,
  `JAMN_PLHRA_AMOUNT` double NOT NULL,
  `JAMN_PLHRA_ASSR` varchar(30) NOT NULL,
  `JAMN_PLHRA_EXPIRED` date NOT NULL,
  `POLIS_ASUR_MARK` varchar(1) NOT NULL,
  `POLIS_ASUR_NO` varchar(30) NOT NULL,
  `POLIS_ASUR_ASSR` varchar(30) NOT NULL,
  `POLIS_ASUR_EXPIRED` date NOT NULL,
  `TD_TERIMA_BLD_DRAW_MARK` varchar(1) NOT NULL,
  `TD_TERIMA_BLD_DRAW_NO` varchar(30) NOT NULL,
  `TD_TERIMA_BLD_DRAW_TGL` date NOT NULL,
  `SIUJK_MARK` varchar(1) NOT NULL,
  `SIUJK_NO` varchar(30) NOT NULL,
  `SIUJK_TGL` date NOT NULL,
  `NPWP_MARK` varchar(1) NOT NULL,
  `NPWP_NO` varchar(30) NOT NULL,
  `NPWP_TGL` date NOT NULL,
  `F_DGT1_MARK` varchar(1) NOT NULL,
  `F_DGT1_NO` varchar(30) NOT NULL,
  `F_DGT1_TGL` date NOT NULL,
  `SIDE_LETTER_MARK` varchar(1) NOT NULL,
  `SIDE_LETTER_NO` varchar(30) NOT NULL,
  `SIDE_LETTER_TGL` date NOT NULL,
  `REKON_WAKTU_MARK` varchar(1) NOT NULL,
  `PO_MIGO_MARK` varchar(1) NOT NULL,
  `PO_MIGO_VALUE` varchar(30) NOT NULL,
  `CHANGED_BY` varchar(15) NOT NULL,
  `CHANGED_AT` timestamp NOT NULL DEFAULT CURRENT_TIMESTAMP ON UPDATE CURRENT_TIMESTAMP,
  `CREATED_BY` varchar(15) NOT NULL,
  `CREATED_AT` timestamp NOT NULL DEFAULT CURRENT_TIMESTAMP
) ENGINE=InnoDB DEFAULT CHARSET=latin1;

--
-- Dumping data for table `trx_detail`
--

INSERT INTO `trx_detail` (`DOC_NUMBER`, `YEAR`, `MONTH`, `LEVEL`, `AREA`, `FIATUR`, `APPROVAL_LEVEL`, `FLOW_MAIN`, `REJECT_FLAG`, `REJECT_LEVEL`, `REJECT_FLOW`, `NOT_COMPLETE`, `DELETE_FLAG`, `NAMA_MITRA`, `NAMA_PROYEK`, `KONTRAK_NO`, `KONTRAK_TGL`, `KONTRAK_CURRENCY`, `KONTRAK_AMOUNT`, `PO_SP_NO`, `PO_SP_TGL`, `PO_SP_CURRENCY`, `PO_SP_AMOUNT`, `AMANDEMEN_NO`, `AMANDEMEN_TGL`, `AMANDEMEN_CURRENCY`, `AMANDEMEN_AMOUNT`, `TRUE_VALUE_CURRENCY`, `TRUE_VALUE`, `FOREIGN_CURRENCY`, `FOREIGN_AMOUNT`, `KETERANGAN`, `NO_SAP`, `NO_SPB`, `TAGIHAN_MARK`, `TAGIHAN_NO`, `TAGIHAN_TGL`, `TAGIHAN_TGL_MASUK`, `INVOICE_MARK`, `INVOICE_NO`, `INVOICE_TGL`, `INVOICE_TGL_MASUK`, `PO_NON_PPN_MARK`, `PO_NON_PPN_CURRENCY`, `PO_NON_PPN_AMOUNT`, `PO_NON_PPN_AMANDEMEN_CURRENCY`, `PO_NON_PPN_AMANDEMEN_AMOUNT`, `PO_NON_PPN_THP_REKON`, `BATAS_AKHIR_PRJ_MARK`, `BATAS_AKHIR_PRJ_NO_BAUT`, `BAST_NON_PPN_MARK`, `BAST_NON_PPN_CURRENCY`, `BAST_NON_PPN_AMOUNT`, `BAST_NON_PPN_BARANG`, `BAST_NON_PPN_JASA`, `BAST_NON_PPN_TGL_BAUT`, `BAST_NON_PPN_TGL_BAST`, `PTG_UANG_MUKA_MARK`, `PTG_UANG_MUKA_CURRENCY`, `PTG_UANG_MUKA_AMOUNT`, `KUITANSI_PPN_MARK`, `KUITANSI_PPN_CURRENCY`, `KUITANSI_PPN_AMOUNT`, `KUITANSI_PPN_ATAU`, `KUITANSI_PPN_NO`, `REKENING_MARK`, `REKENING_ATS_NAMA`, `REKENING_CURRENCY`, `REKENING_AMOUNT`, `REKENING_BANK`, `REKENING_SW_CODE`, `FAKTUR_PJK_MARK`, `FAKTUR_PJK_CURRENCY`, `FAKTUR_PJK_AMOUNT`, `FAKTUR_PJK_NO`, `FAKTUR_PJK_TGL`, `JAMN_UANG_MUKA_MARK`, `JAMN_UANG_MUKA_CURRENCY`, `JAMN_UANG_MUKA_AMOUNT`, `JAMN_UANG_MUKA_ASSR`, `JAMN_UANG_MUKA_EXPIRED`, `JAMN_PELKSNA_MARK`, `JAMN_PELKSNA_CURRENCY`, `JAMN_PELKSNA_AMOUNT`, `JAMN_PELKSNA_ASSR`, `JAMN_PELKSNA_EXPIRED`, `JAMN_PLHRA_MARK`, `JAMN_PLHRA_CURRENCY`, `JAMN_PLHRA_AMOUNT`, `JAMN_PLHRA_ASSR`, `JAMN_PLHRA_EXPIRED`, `POLIS_ASUR_MARK`, `POLIS_ASUR_NO`, `POLIS_ASUR_ASSR`, `POLIS_ASUR_EXPIRED`, `TD_TERIMA_BLD_DRAW_MARK`, `TD_TERIMA_BLD_DRAW_NO`, `TD_TERIMA_BLD_DRAW_TGL`, `SIUJK_MARK`, `SIUJK_NO`, `SIUJK_TGL`, `NPWP_MARK`, `NPWP_NO`, `NPWP_TGL`, `F_DGT1_MARK`, `F_DGT1_NO`, `F_DGT1_TGL`, `SIDE_LETTER_MARK`, `SIDE_LETTER_NO`, `SIDE_LETTER_TGL`, `REKON_WAKTU_MARK`, `PO_MIGO_MARK`, `PO_MIGO_VALUE`, `CHANGED_BY`, `CHANGED_AT`, `CREATED_BY`, `CREATED_AT`) VALUES
(1000000001, 2015, 1, 'VRKT', 'BDG1', 'OFFCS', 'OFFCS', '5', '', '', '', 'X', 'X', 'coba multiple park', '', '', '2000-01-01', 'IDR', 0, '', '2000-01-01', 'IDR', 0, '', '2000-01-01', 'IDR', 0, 'IDR', 0, '', 0, '', '', '', '', '', '2000-01-01', '2000-01-01', '', '', '2000-01-01', '2000-01-01', '', 'IDR', 0, 'IDR', 0, '', '', '', '', 'IDR', 0, '', '', '2000-01-01', '2000-01-01', '', 'IDR', 0, '', 'IDR', 0, '', '', '', '', 'IDR', 0, '', '', '', 'IDR', 0, '', '2000-01-01', '', 'IDR', 0, '', '2000-01-01', '', 'IDR', 0, '', '2000-01-01', '', 'IDR', 0, '', '2000-01-01', '', '', '', '2000-01-01', '', '', '2000-01-01', '', '', '2000-01-01', '', '', '2000-01-01', '', '', '2000-01-01', '', '', '2000-01-01', '', '', '', '610281', '2015-01-17 10:12:49', '610281', '2015-01-17 08:08:26'),
(1000000002, 2015, 1, 'VRKT', 'BDG1', 'OFFCS', 'OFFCS', '5', '', '', '', 'X', 'X', 'multi park coba', 'asdfadsf', '', '2000-01-01', 'IDR', 0, '', '2000-01-01', 'IDR', 0, '', '2000-01-01', 'IDR', 0, 'IDR', 0, '', 0, '', '', '', '', '', '2000-01-01', '2000-01-01', '', '', '2000-01-01', '2000-01-01', '', 'IDR', 0, 'IDR', 0, '', '', '', '', 'IDR', 0, '', '', '2000-01-01', '2000-01-01', '', 'IDR', 0, '', 'IDR', 0, '', '', '', '', 'IDR', 0, '', '', '', 'IDR', 0, '', '2000-01-01', '', 'IDR', 0, '', '2000-01-01', '', 'IDR', 0, '', '2000-01-01', '', 'IDR', 0, '', '2000-01-01', '', '', '', '2000-01-01', '', '', '2000-01-01', '', '', '2000-01-01', '', '', '2000-01-01', '', '', '2000-01-01', '', '', '2000-01-01', '', '', '', '610281', '2015-01-17 10:15:29', '610281', '2015-01-17 10:14:48'),
(1000000002, 2015, 11, 'OFFCS', 'BDG4', 'MGR', ' ', '', '', '', '', '', '', 'selena gomez', 'Sewa Server', 'uquqiq/gahah/2014', '2014-11-26', 'IDR', 125000000, '2500018182', '2014-11-01', 'IDR', 125000000, '', '2000-01-01', 'IDR', 0, 'IDR', 125000000, '', 0, 'Sewa Server', '190072728101', '', '', '', '2000-01-01', '2000-01-01', '', '', '2000-01-01', '2000-01-01', '', 'IDR', 0, 'IDR', 0, '', '', '', '', 'IDR', 0, '', '', '2000-01-01', '2000-01-01', '', 'IDR', 0, '', 'IDR', 0, '', '', '', '', 'IDR', 0, '', '', '', 'IDR', 0, '', '2000-01-01', '', 'IDR', 0, '', '0000-00-00', '', 'IDR', 0, '', '0000-00-00', '', 'IDR', 0, '', '0000-00-00', '', '', '', '0000-00-00', '', '', '2000-01-01', '', '', '2000-01-01', '', '', '2000-01-01', '', '', '2000-01-01', '', '', '2000-01-01', '', '', '', '641889', '2015-01-17 08:10:41', '620203', '2014-11-26 02:55:16'),
(1000000003, 2015, 11, 'OFFCS', 'BDG4', 'MGR', 'MGR', '4', 'X', '', '', '', '', 'Maroon 5', 'Jasa Pembuatan Aplikasi', 'uwuw/gdgdh/2014', '2014-11-26', 'IDR', 25000001, '25000001100', '2014-11-01', 'IDR', 25000001, '', '0000-00-00', 'IDR', 0, 'IDR', 25000001, '', 0, 'Jasa Pembuatan Aplikasi', '1900000032', '', '', '', '0000-00-00', '0000-00-00', '', '', '0000-00-00', '0000-00-00', '', 'IDR', 0, 'IDR', 0, '', '', '', '', 'IDR', 0, '', '', '0000-00-00', '0000-00-00', '', 'IDR', 0, '', 'IDR', 0, '', '', '', '', 'IDR', 0, '', '', '', 'IDR', 0, '', '0000-00-00', '', 'IDR', 0, '', '0000-00-00', '', 'IDR', 0, '', '0000-00-00', '', 'IDR', 0, '', '0000-00-00', '', '', '', '0000-00-00', '', '', '0000-00-00', '', '', '0000-00-00', '', '', '0000-00-00', '', '', '0000-00-00', '', '', '0000-00-00', '', '', '', '641889', '2015-01-17 08:11:34', '620203', '2014-11-26 03:28:43'),
(1000000004, 2015, 11, 'OFFCS', 'BDG1', 'MGR', ' ', '', '', '', '', '', '', 'Paramore', 'Sewa Server ', 'hayaya/keu/2014', '2014-11-28', 'IDR', 26000001, '4500024161', '2014-11-01', 'IDR', 26000001, '', '0000-00-00', 'IDR', 0, 'IDR', 26000001, '', 0, 'Sewa Server ', '190000013', '', '', '', '0000-00-00', '0000-00-00', '', '', '0000-00-00', '0000-00-00', '', 'IDR', 0, 'IDR', 0, '', '', '', '', 'IDR', 0, '', '', '0000-00-00', '0000-00-00', '', 'IDR', 0, 'X', 'IDR', 26000001, '23636365', '4151617', '', '', 'IDR', 0, '', '', 'X', 'IDR', 2363637, '00101910101', '2014-11-11', '', 'IDR', 0, '', '0000-00-00', '', 'IDR', 0, '', '0000-00-00', '', 'IDR', 0, '', '0000-00-00', '', '', '', '0000-00-00', '', '', '0000-00-00', '', '', '0000-00-00', '', '', '0000-00-00', '', '', '0000-00-00', '', '', '0000-00-00', '', '', '', '670070', '2015-01-17 08:11:34', '610281', '2014-11-28 03:03:29'),
(1000000005, 2015, 11, 'MGR', 'BDG1', 'OSM', ' ', '', '', '', '', '', '', 'Ellie Goulding', 'Pengadaan Jar FO', 'haya/keu/2014', '2014-11-28', 'IDR', 500000100, '45000071818', '2014-11-01', 'IDR', 500000100, '', '2000-01-01', 'IDR', 0, 'IDR', 500000100, '', 0, 'Pengadaan Jar FO', '190000035', '', '', '', '2000-01-01', '2000-01-01', '', '', '2000-01-01', '2000-01-01', '', 'IDR', 0, 'IDR', 0, '', '', '', '', 'IDR', 0, '', '', '2000-01-01', '2000-01-01', '', 'IDR', 0, '', 'IDR', 0, '', '', '', '', 'IDR', 0, '', '', '', 'IDR', 0, '', '2000-01-01', '', 'IDR', 0, '', '0000-00-00', '', 'IDR', 0, '', '0000-00-00', 'X', 'IDR', 0, '', '0000-00-00', '', '', '', '0000-00-00', '', '', '2000-01-01', '', '', '2000-01-01', '', '', '2000-01-01', '', '', '2000-01-01', '', '', '2000-01-01', '', '', '', '580222', '2015-01-17 08:11:34', '610281', '2014-11-28 03:23:57'),
(1000000006, 2015, 11, 'OFFCS', 'BDG4', 'MGR', 'MGR', '4', 'X', '', '', '', '', 'john legend', 'sewa server', 'jfjkafjf/jfkfk/2014', '2014-11-28', 'IDR', 25000001, '45000024525', '2014-11-01', 'IDR', 25000001, '', '2000-01-01', 'IDR', 0, 'IDR', 25000001, '', 0, 'sewa server', '19000032', '', '', '', '2000-01-01', '2000-01-01', '', '', '2000-01-01', '2000-01-01', '', 'IDR', 0, 'IDR', 0, '', '', '', '', 'IDR', 0, '', '', '2000-01-01', '2000-01-01', '', 'IDR', 0, '', 'IDR', 0, '', '', '', '', 'IDR', 0, '', '', '', 'IDR', 0, '', '2000-01-01', '', 'IDR', 0, '', '0000-00-00', '', 'IDR', 0, '', '0000-00-00', 'X', 'IDR', 0, '', '0000-00-00', '', '', '', '0000-00-00', '', '', '2000-01-01', '', '', '2000-01-01', '', '', '2000-01-01', '', '', '2000-01-01', '', '', '2000-01-01', '', '', '', '641889', '2015-01-17 08:11:34', '620203', '2014-11-28 04:03:31'),
(1000000007, 2015, 11, 'MGR', 'BDG4', 'OSM', ' ', '', '', '', '', '', '', 'raisa', 'pengadaan server', 'jdkajd/uok/2014', '2014-11-28', 'IDR', 3636363636, '4500008282', '2014-11-01', 'IDR', 4000000000, '', '0000-00-00', 'IDR', 0, 'IDR', 4000000000, '', 0, 'pengadaan server ', '19000034', '', '', '', '0000-00-00', '0000-00-00', '', '', '0000-00-00', '0000-00-00', '', 'IDR', 0, 'IDR', 0, '', '', '', '', 'IDR', 0, '', '', '0000-00-00', '0000-00-00', '', 'IDR', 0, 'X', 'IDR', 4000000000, '3636363636', '612376183', '', '', 'IDR', 0, '', '', 'X', 'IDR', 363636364, '010138310831', '2014-11-14', '', 'IDR', 0, '', '0000-00-00', '', 'IDR', 0, '', '0000-00-00', '', 'IDR', 0, '', '0000-00-00', '', '', '', '0000-00-00', '', '', '0000-00-00', '', '', '0000-00-00', '', '', '0000-00-00', '', '', '0000-00-00', '', '', '0000-00-00', '', '', '', '580222', '2015-01-17 08:11:34', '620203', '2014-11-28 04:14:37'),
(1000000008, 2015, 12, 'MGR', 'BDG4', 'OSM', ' ', '', '', '', '', '', '', 'Celine Dion', 'Pengembangan Aplikasi', 'nksad/keu/2014', '2014-12-02', 'IDR', 500000001, '2500000939', '2014-11-01', 'IDR', 500000001, '', '0000-00-00', 'IDR', 0, 'IDR', 500000001, '', 0, 'Pengembangan Aplikasi', '1900000045', '', '', '', '0000-00-00', '0000-00-00', '', '', '0000-00-00', '0000-00-00', '', 'IDR', 0, 'IDR', 0, '', '', '', '', 'IDR', 0, '', '', '0000-00-00', '0000-00-00', '', 'IDR', 0, '', 'IDR', 0, '', '', '', '', 'IDR', 0, '', '', '', 'IDR', 0, '', '0000-00-00', '', 'IDR', 0, '', '0000-00-00', '', 'IDR', 0, '', '0000-00-00', '', 'IDR', 0, '', '0000-00-00', '', '', '', '0000-00-00', '', '', '0000-00-00', '', '', '0000-00-00', '', '', '0000-00-00', '', '', '0000-00-00', '', '', '0000-00-00', '', '', '', '580222', '2015-01-17 08:11:34', '620203', '2014-12-02 07:07:08'),
(1000000009, 2015, 12, 'MGR', 'BDG1', 'OSM', 'OSM', '3', 'X', '', '', '', '', 'Jessie J', 'Maintenance Support', 'gahasah/coo/2014', '2014-12-02', 'IDR', 500000001, '250818191', '2014-11-02', 'IDR', 500000001, '', '0000-00-00', 'IDR', 0, 'IDR', 500000001, '', 0, 'Maintenance Support', '1900000045', '', '', '', '0000-00-00', '0000-00-00', '', '', '0000-00-00', '0000-00-00', '', 'IDR', 0, 'IDR', 0, '', '', '', '', 'IDR', 0, '', '', '0000-00-00', '0000-00-00', '', 'IDR', 0, '', 'IDR', 0, '', '', '', '', 'IDR', 0, '', '', '', 'IDR', 0, '', '0000-00-00', '', 'IDR', 0, '', '0000-00-00', '', 'IDR', 0, '', '0000-00-00', '', 'IDR', 0, '', '0000-00-00', '', '', '', '0000-00-00', '', '', '0000-00-00', '', '', '0000-00-00', '', '', '0000-00-00', '', '', '0000-00-00', '', '', '0000-00-00', '', '', '', '580222', '2015-01-17 08:11:34', '610281', '2014-12-02 09:03:19'),
(1000000010, 2015, 12, 'MGR', 'BDG1', 'OSM', ' ', '', '', '', '', '', '', 'Bee Gees', 'Sewa Server', 'gaha/kaia/2014', '2014-12-03', 'IDR', 2000000000, '4500007171', '2014-11-01', 'IDR', 2000000000, '-', '0000-00-00', 'IDR', 0, 'IDR', 1800000000, '', 0, 'Sewa Server', '19000000045', '', 'X', '61617881', '2014-11-01', '2014-12-01', 'X', '616171/haka/2014', '2014-11-01', '2014-12-01', 'X', 'IDR', 2000000000, 'IDR', 0, '-', 'X', '26272', '', 'IDR', 0, '', '', '0000-00-00', '0000-00-00', '', 'IDR', 0, 'X', 'IDR', 2000000000, '1818181818', 'hauaakala/hhah/2014', 'X', 'Bee Gees', 'IDR', 3, 'BRI', '-', 'X', 'IDR', 181818182, '0001717189', '2014-11-06', '', 'IDR', 0, '', '0000-00-00', '', 'IDR', 0, '', '0000-00-00', '', 'IDR', 0, '', '0000-00-00', '', '', '', '0000-00-00', '', '', '0000-00-00', '', '', '0000-00-00', 'X', '3121-8282-3535-00', '2014-11-01', '', '', '0000-00-00', '', '', '0000-00-00', '', '', '', '580222', '2015-01-17 08:11:34', '610281', '2014-12-03 07:24:51'),
(1000000011, 2015, 12, 'VRKT', 'BDG1', 'OFFCS', ' ', '', '', '', '', '', '', 'KOPEGTEL MUTIARA', 'SOSIALISASI ', 'TEL.117/YN000/WTL-2G410000/201', '2014-11-18', 'IDR', 14960000, '0', '2000-01-01', 'IDR', 14960000, '', '2000-01-01', 'IDR', 0, 'IDR', 14960000, '', 0, 'OKE', '19000015687', '2725698', '', '', '2000-01-01', '2000-01-01', '', '', '2000-01-01', '2000-01-01', '', 'IDR', 0, 'IDR', 0, '', '', '', '', 'IDR', 0, '', '', '2000-01-01', '2000-01-01', '', 'IDR', 0, '', 'IDR', 0, '', '', '', '', 'IDR', 0, '', '', '', 'IDR', 0, '', '2000-01-01', '', 'IDR', 0, '', '0000-00-00', '', 'IDR', 0, '', '0000-00-00', '', 'IDR', 0, '', '0000-00-00', '', '', '', '0000-00-00', '', '', '2000-01-01', '', '', '2000-01-01', '', '', '2000-01-01', '', '', '2000-01-01', '', '', '2000-01-01', '', '', '', '591359', '2015-01-17 08:11:34', '610281', '2014-12-08 08:05:45'),
(1000000012, 2015, 12, 'DPT', 'BDG2', 'DPT', 'OSM', '3,2', '', '', '', '', '', 'PT MULTIPOLAR TECHNOLOGY', 'PENGADAAN DAN PEMASANGAN TELKOKM CACHE SYSTEM SP#02', 'K.TEL 165/HK810/SUC-00/2014', '2014-05-21', 'IDR', 62659522279, 'K.TEL.156/HK810/SUC-A103/2014', '2014-07-02', 'IDR', 62659522279, 'K.TEL.236/HK820/SUC-A103/2014', '2014-10-21', 'IDR', 67292926699, 'IDR', 28875210271, '', 0, 'TAHAP 2 SS#2,3 ', '19002014', '12345', '', '', '2000-01-01', '2000-01-01', '', '', '2000-01-01', '2000-01-01', '', 'IDR', 0, 'IDR', 0, '', '', '', '', 'IDR', 0, '', '', '2000-01-01', '2000-01-01', '', 'IDR', 0, '', 'IDR', 0, '', '', '', '', 'IDR', 0, '', '', '', 'IDR', 0, '', '2000-01-01', '', 'IDR', 0, '', '0000-00-00', '', 'IDR', 0, '', '0000-00-00', '', 'IDR', 0, '', '0000-00-00', '', '', '', '0000-00-00', '', '', '2000-01-01', '', '', '2000-01-01', '', '', '2000-01-01', '', '', '2000-01-01', '', '', '2000-01-01', '', '', '', '612506', '2015-01-17 08:11:34', '700452', '2014-12-11 02:58:07'),
(1000000013, 2015, 12, 'VRKT', 'BDG4', 'OFFCS', ' ', '', '', '', '', '', '', 'PT. SKILL NUSA INFOUTAMA', 'Perangkat Data Center Gedung GMP Gatsu ', 'Tel. 8/LG000/ISS-B11420000/201', '2014-11-06', 'IDR', 14300000, '0', '2000-01-01', 'IDR', 14300000, '', '2000-01-01', 'IDR', 0, 'IDR', 14300000, '', 0, 'Perangkat Data Center Gedung GMP Gatsu ', '19000001234', '0', '', '', '2000-01-01', '2000-01-01', '', '', '2000-01-01', '2000-01-01', '', 'IDR', 0, 'IDR', 0, '', '', '', '', 'IDR', 0, '', '', '2000-01-01', '2000-01-01', '', 'IDR', 0, '', 'IDR', 0, '', '', '', '', 'IDR', 0, '', '', '', 'IDR', 0, '', '2000-01-01', '', 'IDR', 0, '', '0000-00-00', '', 'IDR', 0, '', '0000-00-00', '', 'IDR', 0, '', '0000-00-00', '', '', '', '0000-00-00', '', '', '2000-01-01', '', '', '2000-01-01', '', '', '2000-01-01', '', '', '2000-01-01', '', '', '2000-01-01', '', '', '', '620819', '2015-01-17 08:11:34', '632163', '2014-12-11 03:09:50'),
(1000000014, 2015, 12, 'VRKT', 'BDG4', 'OFFCS', 'OFFCS', '5', '', '', '', '', '', 'PT SKILL NUSA INFOTAMA', 'UPS ICA-CT1082B / 2 KVA', 'Tel. 8/LG 000/ISS-B1142000/201', '2014-11-06', 'IDR', 14300000, '-', '0000-00-00', 'IDR', 14300000, '', '2000-01-01', 'IDR', 0, 'IDR', 12805000, '', 0, 'UPS ICA-CT1082B / 2 KVA', '1900654123', '1234567', '', '', '2000-01-01', '2000-01-01', '', '', '2000-01-01', '2000-01-01', '', 'IDR', 0, 'IDR', 0, '', '', '', '', 'IDR', 0, '', '', '2000-01-01', '2000-01-01', '', 'IDR', 0, '', 'IDR', 0, '', '', '', '', 'IDR', 0, '', '', '', 'IDR', 0, '', '2000-01-01', '', 'IDR', 0, '', '0000-00-00', '', 'IDR', 0, '', '0000-00-00', '', 'IDR', 0, '', '0000-00-00', '', '', '', '0000-00-00', '', '', '2000-01-01', '', '', '2000-01-01', '', '', '2000-01-01', '', '', '2000-01-01', '', '', '2000-01-01', '', '', '', '900038', '2015-01-17 08:11:34', '900038', '2014-12-11 03:10:49'),
(1000000015, 2015, 12, 'OFFCS', 'JKTCORP', 'MGR', 'MGR', '4', 'X', 'MGR', '', '', '', 'PT.SANDHY PUTRA MAKMUR', 'Pengaddan paket transportasi dan akomodasi Stake Holder dalam rangka penyampaian aspirasi regulasi', 'Tel.94/YN000/COP-A4010000/2014', '2014-11-28', 'IDR', 22910865, '-', '2014-11-28', 'IDR', 22910865, '', '2000-01-01', 'IDR', 0, 'IDR', 25201956, '', 0, 'Pengaddan paket transportasi dan akomodasi Stake Holder dalam rangka p', '1900241690', '0', '', '', '2000-01-01', '2000-01-01', '', '', '2000-01-01', '2000-01-01', '', 'IDR', 0, 'IDR', 0, '', '', '', '', 'IDR', 0, '', '', '2000-01-01', '2000-01-01', '', 'IDR', 0, '', 'IDR', 0, '', '', '', '', 'IDR', 0, '', '', '', 'IDR', 0, '', '2000-01-01', '', 'IDR', 0, '', '0000-00-00', '', 'IDR', 0, '', '0000-00-00', '', 'IDR', 0, '', '0000-00-00', '', '', '', '0000-00-00', '', '', '2000-01-01', '', '', '2000-01-01', '', '', '2000-01-01', '', '', '2000-01-01', '', '', '2000-01-01', '', '', '', '621494', '2015-01-17 08:11:34', '910015', '2014-12-11 03:13:19'),
(1000000016, 2015, 12, 'VRKT', 'BDG2', 'OFFCS', 'OFFCS', '5', '', '', '', '', '', 'KOPEGTEL CARE METRA', 'DESIGN APLIKASI', 'TIDAK ADA', '2014-12-10', 'IDR', 22500000, 'TIDAK ADA', '2014-12-10', 'IDR', 22500000, 'TIDAK ADA', '2014-12-10', 'IDR', 0, 'IDR', 24750000, '', 0, 'OK', '1900100122', '2526110', 'X', '866-st/kopegtel/cm/14', '2014-12-10', '2014-12-11', 'X', '211/14', '2014-12-10', '2014-12-11', '', 'IDR', 0, 'IDR', 0, '', '', '', '', 'IDR', 0, '', '', '2000-01-01', '2000-01-01', '', 'IDR', 0, 'X', 'IDR', 24750000, '22500000', '211/14', 'X', 'CARE MEDIA', 'IDR', 5.01, 'BRI ', 'ASIA AFRIKA', 'X', 'IDR', 2250000, '0300031424678942', '2014-12-10', '', 'IDR', 0, '', '0000-00-00', '', 'IDR', 0, '', '0000-00-00', '', 'IDR', 0, '', '0000-00-00', '', '', '', '0000-00-00', '', '', '2000-01-01', '', '', '2000-01-01', '', '', '2000-01-01', '', '', '2000-01-01', '', '', '2000-01-01', '', '', '', '660144', '2015-01-17 08:11:34', '660144', '2014-12-11 03:45:12'),
(1000000017, 2015, 12, 'OFFCS', 'JKTCORP', 'MGR', ' ', '', '', '', '', '', '', 'TELKOM', 'ASSAS', 'ASAS', '2014-12-11', 'IDR', 26000000, 'ASAS', '2014-12-11', 'IDR', 10000, '', '0000-00-00', 'IDR', 0, 'IDR', 26000000, '', 0, '0', '19000025256', '0', '', '', '0000-00-00', '0000-00-00', '', '', '0000-00-00', '0000-00-00', '', 'IDR', 0, 'IDR', 0, '', '', '', '', 'IDR', 0, '', '', '0000-00-00', '0000-00-00', '', 'IDR', 0, '', 'IDR', 0, '', '', '', '', 'IDR', 0, '', '', '', 'IDR', 0, '', '0000-00-00', '', 'IDR', 0, '', '0000-00-00', '', 'IDR', 0, '', '0000-00-00', '', 'IDR', 0, '', '0000-00-00', '', '', '', '0000-00-00', '', '', '0000-00-00', '', '', '0000-00-00', '', '', '0000-00-00', '', '', '0000-00-00', '', '', '0000-00-00', '', '', '', '621494', '2015-01-17 08:11:34', '621260', '2014-12-11 03:47:35'),
(1000000018, 2015, 12, 'VRKT', 'BDG3', 'OFFCS', ' ', '', '', '', '', '', '', 'KOPKAR SARASWATI', 'Pengadaan Aupoert Pelatihan Minggu ke 4 November', 'CTEL.313/HK810/TCU', '2004-11-17', 'IDR', 5880600, 'Tel.865/LG280', '2000-11-17', 'IDR', 5880600, '', '2000-01-01', 'IDR', 0, 'IDR', 5880600, '', 0, 'Segera diproses', '190017777', '216666', '', '', '2000-01-01', '2000-01-01', '', '', '2000-01-01', '2000-01-01', '', 'IDR', 0, 'IDR', 0, '', '', '', '', 'IDR', 0, '', '', '2000-01-01', '2000-01-01', '', 'IDR', 0, '', 'IDR', 0, '', '', '', '', 'IDR', 0, '', '', '', 'IDR', 0, '', '2000-01-01', '', 'IDR', 0, '', '0000-00-00', '', 'IDR', 0, '', '0000-00-00', '', 'IDR', 0, '', '0000-00-00', '', '', '', '0000-00-00', '', '', '2000-01-01', '', '', '2000-01-01', '', '', '2000-01-01', '', '', '2000-01-01', '', '', '2000-01-01', '', '', '', '670071', '2015-01-17 08:11:34', '591660', '2014-12-11 03:50:30'),
(1000000019, 2015, 12, 'VRKT', 'BDG4', 'OFFCS', 'OFFCS', '5', 'X', 'OFFCS', '', '', '', 'PT SKILL NUSA INFOTAMA', 'Patc Cord SM LC-LC 2 meter dll', 'Tel. 7/LG 000/ISS-B1142000/201', '2014-11-06', 'IDR', 26851000, '-', '0000-00-00', 'IDR', 26851000, '', '0000-00-00', 'IDR', 0, 'IDR', 24410000, '', 0, 'Patc Cord SM LC-LC 2 meter dll', '1900123456', '1234567', 'X', '274/S.EXT/PBYR/12.14', '2014-12-05', '2014-12-11', 'X', '1818274/CH/12.14', '2014-12-05', '2014-12-11', '', 'IDR', 0, 'IDR', 0, '', '', '', '', 'IDR', 0, '', '', '0000-00-00', '0000-00-00', '', 'IDR', 0, 'X', 'IDR', 26851000, '24410000', '274/KW/SKILL/12.14', 'X', 'PT SKILL NUSA INFOTAMA', 'IDR', 1310004859551, 'MANDIRI', '0', 'X', 'IDR', 2441000, '0300021427358975', '2014-12-05', '', 'IDR', 0, '', '0000-00-00', '', 'IDR', 0, '', '0000-00-00', '', 'IDR', 0, '', '0000-00-00', '', '', '', '0000-00-00', '', '', '0000-00-00', '', '', '0000-00-00', 'X', '019358506441000', '2014-12-05', '', '', '0000-00-00', '', '', '0000-00-00', '', '', '', '620819', '2015-01-17 08:11:34', '900038', '2014-12-11 03:57:54'),
(1000000020, 2015, 12, 'VRKT', 'BDG4', 'OFFCS', 'OFFCS', '5', 'X', 'OFFCS', '', '', '', 'PT SKILL NUSA INFOTAMA', 'Patc Cord SM LC-LC 2 meter dll', 'Tel. 7/LG 000/ISS-B1142000/201', '2014-11-06', 'IDR', 26851000, '-', '0000-00-00', 'IDR', 26851000, '', '0000-00-00', 'IDR', 0, 'IDR', 24410000, '', 0, 'Patc Cord SM LC-LC 2 meter dll', '1900123456', '1234567', 'X', '274/S.EXT/PBYR/12.14', '2014-12-05', '2014-12-11', 'X', '1818274/CH/12.14', '2014-12-05', '2014-12-11', '', 'IDR', 0, 'IDR', 0, '', '', '', '', 'IDR', 0, '', '', '0000-00-00', '0000-00-00', '', 'IDR', 0, 'X', 'IDR', 26851000, '24410000', '274/KW/SKILL/12.14', 'X', 'PT SKILL NUSA INFOTAMA', 'IDR', 1310004859551, 'MANDIRI', '0', 'X', 'IDR', 2441000, '0300021427358975', '2014-12-05', '', 'IDR', 0, '', '0000-00-00', '', 'IDR', 0, '', '0000-00-00', '', 'IDR', 0, '', '0000-00-00', '', '', '', '0000-00-00', '', '', '0000-00-00', '', '', '0000-00-00', 'X', '019358506441000', '2014-12-05', '', '', '0000-00-00', '', '', '0000-00-00', '', '', '', '620819', '2015-01-17 08:11:34', '900038', '2014-12-11 03:58:10'),
(1000000021, 2015, 12, 'VRKT', 'BDG4', 'OFFCS', 'OFFCS', '5', 'X', 'OFFCS', '', '', '', 'PT SKILL NUSA INFOTAMA', 'Patc Cord SM LC-LC 2 meter dll', 'Tel. 7/LG 000/ISS-B1142000/201', '2014-11-06', 'IDR', 26851000, '-', '0000-00-00', 'IDR', 26851000, '-', '0000-00-00', 'IDR', 0, 'IDR', 24410000, '', 0, 'Patc Cord SM LC-LC 2 meter dll', '1900123456', '1234567', 'X', '274/S.EXT/PBYR/12.14', '2014-12-05', '2014-12-11', 'X', '1818274/CH/12.14', '2014-12-05', '2014-12-11', '', 'IDR', 0, 'IDR', 0, '', '', '', '', 'IDR', 0, '', '', '0000-00-00', '0000-00-00', '', 'IDR', 0, 'X', 'IDR', 26851000, '24410000', '274/KW/SKILL/12.14', 'X', 'PT SKILL NUSA INFOTAMA', 'IDR', 1310004859551, 'MANDIRI', '0', 'X', 'IDR', 2441000, '0300021427358975', '2014-12-05', '', 'IDR', 0, '', '0000-00-00', '', 'IDR', 0, '', '0000-00-00', '', 'IDR', 0, '', '0000-00-00', '', '', '', '0000-00-00', '', '', '0000-00-00', '', '', '0000-00-00', 'X', '019358506441000', '2014-12-05', '', '', '0000-00-00', '', '', '0000-00-00', '', '', '', '620819', '2015-01-17 08:11:34', '900038', '2014-12-11 03:59:34'),
(1000000022, 2015, 12, 'VRKT', 'BDG4', 'OFFCS', ' ', '', '', '', '', '', '', 'PT SKILL NUSA INFOTAMA', 'Patc Cord SM LC-LC 2 meter dll', 'Tel. 7/LG 000/ISS-B1142000/201', '2014-11-06', 'IDR', 26851000, '-', '0000-00-00', 'IDR', 26851000, '', '0000-00-00', 'IDR', 0, 'IDR', 24410000, '', 0, 'Patc Cord SM LC-LC 2 meter dll', '1900123456', '1234567', 'X', '274/S.EXT/PBYR/12.14', '2014-12-05', '2014-12-11', 'X', '1818274/CH/12.14', '2014-12-05', '2014-12-11', '', 'IDR', 0, 'IDR', 0, '', '', '', '', 'IDR', 0, '', '', '0000-00-00', '0000-00-00', '', 'IDR', 0, 'X', 'IDR', 26851000, '24410000', '274/KW/SKILL/12.14', 'X', 'PT SKILL NUSA INFOTAMA', 'IDR', 1310004859551, 'MANDIRI', '0', 'X', 'IDR', 2441000, '0300021427358975', '2014-12-05', '', 'IDR', 0, '', '0000-00-00', '', 'IDR', 0, '', '0000-00-00', '', 'IDR', 0, '', '0000-00-00', '', '', '', '0000-00-00', '', '', '0000-00-00', '', '', '0000-00-00', 'X', '019358506441000', '2014-12-05', '', '', '0000-00-00', '', '', '0000-00-00', '', '', '', '620819', '2015-01-17 08:11:34', '900038', '2014-12-11 04:00:16'),
(1000000023, 2015, 12, 'VRKT', 'JKTCTR', 'OFFCS', ' ', '', '', '', '', '', '', 'PORTAL', 'INSTALASI', '378/PO.000/2014', '2014-12-01', 'IDR', 20000000, '-', '2014-12-01', 'IDR', 20000000, '', '0000-00-00', 'IDR', 0, 'IDR', 22000000, '', 0, '1000012345', '1900123456', '612345', 'X', '123', '2014-12-01', '2014-12-04', 'X', '123', '2014-12-01', '2014-12-04', '', 'IDR', 0, 'IDR', 0, '', '', '', '', 'IDR', 0, '', '', '0000-00-00', '0000-00-00', '', 'IDR', 0, '', 'IDR', 0, '', '', 'X', 'PORTAL', 'IDR', 7000123456, 'BANK MANDIRI', '-', 'X', 'IDR', 2000000, '0300000123456', '2014-12-01', '', 'IDR', 0, '', '0000-00-00', '', 'IDR', 0, '', '0000-00-00', '', 'IDR', 0, '', '0000-00-00', '', '', '', '0000-00-00', '', '', '0000-00-00', '', '', '0000-00-00', '', '', '0000-00-00', '', '', '0000-00-00', '', '', '0000-00-00', '', '', '', '611143', '2015-01-17 08:11:34', '620457', '2014-12-11 04:00:43'),
(1000000024, 2015, 12, 'VRKT', 'BDG4', 'OFFCS', 'OFFCS', '5', 'X', 'OFFCS', '', '', '', 'PT SKILL NUSA INFOTAMA', 'Patc Cord SM LC-LC 2 meter dll', 'Tel. 7/LG 000/ISS-B1142000/201', '2014-11-06', 'IDR', 26851000, '-', '0000-00-00', 'IDR', 26851000, '', '0000-00-00', 'IDR', 0, 'IDR', 24410000, '', 0, 'Patc Cord SM LC-LC 2 meter dll', '1900123456', '1234567', 'X', '274/S.EXT/PBYR/12.14', '2014-12-05', '2014-12-11', 'X', '1818274/CH/12.14', '2014-12-05', '2014-12-11', '', 'IDR', 0, 'IDR', 0, '', '', '', '', 'IDR', 0, '', '', '0000-00-00', '0000-00-00', '', 'IDR', 0, 'X', 'IDR', 26851000, '24410000', '274/KW/SKILL/12.14', 'X', 'PT SKILL NUSA INFOTAMA', 'IDR', 1310004859551, 'MANDIRI', '0', 'X', 'IDR', 2441000, '0300021427358975', '2014-12-05', '', 'IDR', 0, '', '0000-00-00', '', 'IDR', 0, '', '0000-00-00', '', 'IDR', 0, '', '0000-00-00', '', '', '', '0000-00-00', '', '', '0000-00-00', '', '', '0000-00-00', 'X', '019358506441000', '2014-12-05', '', '', '0000-00-00', '', '', '0000-00-00', '', '', '', '620819', '2015-01-17 08:11:34', '900038', '2014-12-11 04:01:10'),
(1000000025, 2015, 12, 'MGR', 'BDG4', 'OSM', 'OSM', '3', '', '', '', '', '', 'PT TECH MAYANTARA ASIA', 'Tag Pengadaan Enhance Aplikasi Telkomcare', 'No K.Tel 086/HK.810/ISS-A10000', '2014-12-09', 'IDR', 498828000, '4500299673', '2014-11-03', 'IDR', 498828000, 'No K.Tel 086/HK.810/ISS-A10000', '2014-11-04', 'IDR', 0, 'IDR', 498828000, '', 0, 'Tag Pengadaan Enhance Aplikasi Telkomcare', '5100012345', '256453', 'X', '114/TMA-EX/XII/2014', '2014-12-05', '2014-12-11', 'X', '116/TMA-TAK/XII/2014', '2014-12-05', '2014-12-11', 'X', 'IDR', 453480000, 'IDR', 453480000, '-', 'X', '439/LG570/ISS-A1000000/2014', '', 'IDR', 0, '-', '-', '2014-12-04', '2014-12-05', '', 'IDR', 0, 'X', 'IDR', 498828000, '453480000', '115/TMA-KW/XII/2014', 'X', 'PT TECH MAYANTARA ASIA', 'IDR', 204784551, 'BNI', '-', 'X', 'IDR', 45348000, '030.002.14.23778932', '2014-12-05', '', 'IDR', 0, '', '0000-00-00', '', 'IDR', 0, '-', '0000-00-00', '', 'IDR', 0, '-', '0000-00-00', '', '', '', '0000-00-00', '', '', '0000-00-00', '', '', '0000-00-00', 'X', '31.237.1801.0.424.000', '2014-12-05', '', '', '0000-00-00', '', '', '0000-00-00', '', 'X', '4500299673', '641889', '2015-01-17 08:11:34', '620203', '2014-12-11 04:01:59'),
(1000000026, 2015, 12, 'VRKT', 'BDG4', 'OFFCS', 'OFFCS', '5', 'X', 'OFFCS', '', '', '', 'PT SKILL NUSA INFOTAMA', 'Patc Cord SM LC-LC 2 meter dll', 'Tel. 7/LG 000/ISS-B1142000/201', '2014-11-06', 'IDR', 26851000, '-', '0000-00-00', 'IDR', 26851000, '', '0000-00-00', 'IDR', 0, 'IDR', 24410000, '', 0, 'Patc Cord SM LC-LC 2 meter dll', '1900123456', '1234567', 'X', '274/S.EXT/PBYR/12.14', '2014-12-05', '2014-12-11', 'X', '1818274/CH/12.14', '2014-12-05', '2014-12-11', '', 'IDR', 0, 'IDR', 0, '', '', '', '', 'IDR', 0, '', '', '0000-00-00', '0000-00-00', '', 'IDR', 0, 'X', 'IDR', 26851000, '24410000', '274/KW/SKILL/12.14', 'X', 'PT SKILL NUSA INFOTAMA', 'IDR', 1310004859551, 'MANDIRI', '0', 'X', 'IDR', 2441000, '0300021427358975', '2014-12-05', '', 'IDR', 0, '', '0000-00-00', '', 'IDR', 0, '', '0000-00-00', '', 'IDR', 0, '', '0000-00-00', '', '', '', '0000-00-00', '', '', '0000-00-00', '', '', '0000-00-00', 'X', '019358506441000', '2014-12-05', '', '', '0000-00-00', '', '', '0000-00-00', '', '', '', '620819', '2015-01-17 08:11:34', '900038', '2014-12-11 04:02:13'),
(1000000027, 2015, 12, 'VRKT', 'JKTCTR', 'OFFCS', ' ', '', '', '', '', '', '', 'PELITA', 'PENGADAAN BARANG', '145', '2014-12-02', 'IDR', 10000000, '145', '2014-12-02', 'IDR', 10000000, '', '0000-00-00', 'IDR', 0, 'IDR', 11000000, '', 0, '10000123457', '1900222222', '6200000', '', '', '0000-00-00', '0000-00-00', '', '', '0000-00-00', '0000-00-00', '', 'IDR', 0, 'IDR', 0, '', '', '', '', 'IDR', 0, '', '', '0000-00-00', '0000-00-00', '', 'IDR', 0, '', 'IDR', 0, '', '', '', '', 'IDR', 0, '', '', '', 'IDR', 0, '', '0000-00-00', '', 'IDR', 0, '', '0000-00-00', '', 'IDR', 0, '', '0000-00-00', '', 'IDR', 0, '', '0000-00-00', '', '', '', '0000-00-00', '', '', '0000-00-00', '', '', '0000-00-00', '', '', '0000-00-00', '', '', '0000-00-00', '', '', '0000-00-00', '', '', '', '611143', '2015-01-17 08:11:34', '620457', '2014-12-11 04:05:26'),
(1000000028, 2015, 12, 'VRKT', 'JKTCORP', 'OFFCS', ' ', '', '', '', '', '', '', 'Rahayu Diah', 'Beban Rapat', '111111111111111111111111111111', '2014-12-11', 'IDR', 1500000, '1', '2014-12-11', 'IDR', 1500000, '', '0000-00-00', 'IDR', 0, 'IDR', 1500000, '', 0, '1', '1', '1', '', '', '0000-00-00', '0000-00-00', '', '', '0000-00-00', '0000-00-00', '', 'IDR', 0, 'IDR', 0, '', '', '', '', 'IDR', 0, '', '', '0000-00-00', '0000-00-00', '', 'IDR', 0, '', 'IDR', 0, '', '', '', '', 'IDR', 0, '', '', '', 'IDR', 0, '', '0000-00-00', '', 'IDR', 0, '', '0000-00-00', '', 'IDR', 0, '', '0000-00-00', '', 'IDR', 0, '', '0000-00-00', '', '', '', '0000-00-00', '', '', '0000-00-00', '', '', '0000-00-00', '', '', '0000-00-00', '', '', '0000-00-00', '', '', '0000-00-00', '', '', '', '620969', '2015-01-17 08:11:34', '910015', '2014-12-11 04:22:51'),
(1000000029, 2015, 12, 'VRKT', 'BDG2', 'OFFCS', 'OFFCS', '5', '', '', '', '', '', 'CARE MEDIA', 'PENGADAAN INISIALISASI DAN DESIGN APLIKASI VIRTUAL CLEARING HOUSE (VCH)', 'TIDAK ADA', '2000-01-01', 'IDR', 24750000, 'TIDAK ADA', '2000-01-01', 'IDR', 24750000, '', '2000-01-01', 'IDR', 0, 'IDR', 24750000, '', 0, 'OK LENGKAP', '19003333', '263', 'X', '866-ST/KOPEG/CM/2014', '2014-12-10', '2000-01-01', '', '', '2000-01-01', '2000-01-01', '', 'IDR', 0, 'IDR', 0, '', '', '', 'X', 'IDR', 0, '', '22500000', '2000-01-01', '2014-12-09', '', 'IDR', 0, 'X', 'IDR', 24750000, '22500000', '211/2014', 'X', 'CARE MEDIA', 'IDR', 501034749509, 'BRI CAB ASIA AFRIKA ', '000501034749509', 'X', 'IDR', 22500000, '0300031424678942', '2014-12-10', '', 'IDR', 0, '', '0000-00-00', '', 'IDR', 0, '', '0000-00-00', '', 'IDR', 0, '', '0000-00-00', '', '', '', '0000-00-00', '', '', '2000-01-01', '', '', '2000-01-01', 'X', '024809055423000', '2014-10-11', '', '', '2000-01-01', '', '', '2000-01-01', 'X', '', '', '700452', '2015-01-17 08:11:34', '700452', '2014-12-11 04:33:07'),
(1000000030, 2015, 12, 'OFFCS', 'BDG3', 'MGR', ' ', '', '', '', '', '', '', 'KOPKAR SARASWATI', 'Pengadaan Godybag Pelatihan Minggu ke-4  November', 'CTEL.313/HK810/TCU', '2014-11-17', 'IDR', 27500000, '450000003', '2014-12-17', 'IDR', 27500000, '', '0000-00-00', 'IDR', 0, 'IDR', 27500000, '', 0, 'Mohon segera diproses', '5100000077', '215555', 'X', 'kop0800/T.LAT', '2014-12-04', '2014-12-10', 'X', 'KOP.8000./T.LAT', '2014-12-04', '2014-12-10', 'X', 'IDR', 25000000, 'IDR', 25000000, '1', 'X', '10/12/2014', 'X', 'IDR', 25000000, 'GODYBAG', 'Barang', '2014-11-20', '2014-11-20', '', 'IDR', 0, 'X', 'IDR', 27750000, '25000000', 'kop.0800', 'X', 'KOPKAR SARASWATI', 'IDR', 1310097034898, 'MANDIRI', '11111', 'X', 'IDR', 2500000, '0100031448626380', '2014-12-04', '', 'IDR', 0, '', '0000-00-00', '', 'IDR', 0, '', '0000-00-00', '', 'IDR', 0, '', '0000-00-00', '', '', '', '0000-00-00', '', '', '0000-00-00', '', '', '0000-00-00', 'X', '017782235441000', '2005-05-01', '', '', '0000-00-00', '', '', '0000-00-00', '', 'X', '5510000033', '641893', '2015-01-17 08:11:34', '591660', '2014-12-11 04:35:42'),
(1000000031, 2015, 12, 'OFFCS', 'JKTCORP', 'MGR', ' ', '', '', '', '', '', '', 'PT.METRA DIGITAL MEDIA', 'Placement Adv The Jakarta Post Agustus 2014', 'Tel.140/PR.000/COP-A3000000/20', '2014-08-25', 'IDR', 57137850, 'Tel.140/PR.000/COP-A3000000/20', '2000-01-01', 'IDR', 57137850, '', '2000-01-01', 'IDR', 0, 'IDR', 62851635, '', 0, '1000086923', '1900240891', '0', '', '', '2000-01-01', '2000-01-01', '', '', '2000-01-01', '2000-01-01', '', 'IDR', 0, 'IDR', 0, '', '', '', '', 'IDR', 0, '', '', '2000-01-01', '2000-01-01', '', 'IDR', 0, '', 'IDR', 0, '', '', '', '', 'IDR', 0, '', '', '', 'IDR', 0, '', '2000-01-01', '', 'IDR', 0, '', '0000-00-00', '', 'IDR', 0, '', '0000-00-00', '', 'IDR', 0, '', '0000-00-00', '', '', '', '0000-00-00', '', '', '2000-01-01', '', '', '2000-01-01', '', '', '2000-01-01', '', '', '2000-01-01', '', '', '2000-01-01', '', '', '', '621494', '2015-01-17 08:11:34', '910015', '2014-12-11 04:39:11'),
(1000000032, 2015, 12, 'OFFCS', 'JKTCTR', 'MGR', ' ', '', '', '', '', '', '', 'KOPEGTEL JAYA', 'PERBAIKAN MODUL', '111', '2014-12-03', 'IDR', 50000000, '4500012345', '2014-11-20', 'IDR', 50000000, '', '0000-00-00', 'IDR', 0, 'IDR', 55000000, '', 0, '-', '-', '-', '', '', '0000-00-00', '0000-00-00', '', '', '0000-00-00', '0000-00-00', '', 'IDR', 0, 'IDR', 0, '', '', '', '', 'IDR', 0, '', '', '0000-00-00', '0000-00-00', '', 'IDR', 0, '', 'IDR', 0, '', '', '', '', 'IDR', 0, '', '', '', 'IDR', 0, '', '0000-00-00', '', 'IDR', 0, '', '0000-00-00', '', 'IDR', 0, '', '0000-00-00', '', 'IDR', 0, '', '0000-00-00', '', '', '', '0000-00-00', '', '', '0000-00-00', '', '', '0000-00-00', '', '', '0000-00-00', '', '', '0000-00-00', '', '', '0000-00-00', '', '', '', '590737', '2015-01-17 08:11:34', '620457', '2014-12-11 04:44:17'),
(1000000033, 2015, 12, 'OFFCS', 'BDG2', 'MGR', 'OFFCS', '5,4', '', '', '', '', '', 'kopegtel kantor perusahaan', 'pengadaan atm', 'TIDAK ADA', '2014-12-04', 'IDR', 50000000, 'TIDAK ADA', '2014-12-17', 'IDR', 50000000, '', '0000-00-00', 'IDR', 0, 'IDR', 55000000, '', 0, 'LENGKAP', '1900132553', '2425136', 'X', '2567', '2014-12-05', '2014-12-11', '', '', '0000-00-00', '0000-00-00', '', 'IDR', 0, 'IDR', 0, '', '', '', 'X', 'IDR', 50000000, '50000000', '000000', '2014-12-04', '2014-12-08', '', 'IDR', 0, 'X', 'IDR', 55000000, '50000000', '2356', 'X', 'KOPEGTEL KANPUS', 'IDR', 131567235, 'BANK MANDIRI', '131567235', 'X', 'IDR', 5000000, '003.002.14.4269856', '2014-12-08', '', 'IDR', 0, '', '0000-00-00', '', 'IDR', 0, '', '0000-00-00', '', 'IDR', 0, '', '0000-00-00', '', '', '', '0000-00-00', '', '', '0000-00-00', '', '', '0000-00-00', 'X', '003.002.14.4269856', '2014-12-03', '', '', '0000-00-00', '', '', '0000-00-00', '', '', '', '660144', '2015-01-17 08:11:34', '660144', '2014-12-11 04:59:38'),
(1000000034, 2015, 12, 'OFFCS', 'BDG4', 'MGR', 'OFFCS', '5,4', '', '', '', '', '', 'Zedd', 'Sewa Server ', ' 019101/HCC/2014', '2014-01-08', 'IDR', 44000000, '0', '2000-01-01', 'IDR', 44000000, '', '2000-01-01', 'IDR', 0, 'IDR', 40000000, '', 0, 'Sewa Server ', '1900000045', '0', '', '', '2000-01-01', '2000-01-01', '', '', '2000-01-01', '2000-01-01', '', 'IDR', 0, 'IDR', 0, '', '', '', '', 'IDR', 0, '', '', '2000-01-01', '2000-01-01', '', 'IDR', 0, '', 'IDR', 0, '', '', '', '', 'IDR', 0, '', '', '', 'IDR', 0, '', '2000-01-01', '', 'IDR', 0, '', '0000-00-00', '', 'IDR', 0, '', '0000-00-00', '', 'IDR', 0, '', '0000-00-00', '', '', '', '0000-00-00', '', '', '2000-01-01', '', '', '2000-01-01', '', '', '2000-01-01', '', '', '2000-01-01', '', '', '2000-01-01', '', '', '', '632163', '2015-01-17 08:11:34', '632163', '2014-12-11 06:32:29'),
(1000000035, 2015, 12, 'VRKT', 'BDG1', 'OFFCS', 'OFFCS', '5', '', '', '', '', '', 'jashdklfjahsd', 'asjdfhakldsj', '1i23y41823', '2014-12-16', 'IDR', 12312, '', '2000-01-01', 'IDR', 0, '', '2000-01-01', 'IDR', 0, 'IDR', 12873182, 'SGD', 1234, '1273681273', '17823681723', '1287361823', '', '', '2000-01-01', '2000-01-01', '', '', '2000-01-01', '2000-01-01', '', 'IDR', 0, 'IDR', 0, '', '', '', '', 'IDR', 0, '', '', '2000-01-01', '2000-01-01', '', 'IDR', 0, '', 'IDR', 0, '', '', '', '', 'IDR', 0, '', '', '', 'IDR', 0, '', '2000-01-01', '', 'IDR', 0, '', '0000-00-00', '', 'IDR', 0, '', '0000-00-00', '', 'IDR', 0, '', '0000-00-00', '', '', '', '0000-00-00', '', '', '2000-01-01', '', '', '2000-01-01', '', '', '2000-01-01', '', '', '2000-01-01', '', '', '2000-01-01', '', '', '', '610281', '2015-01-17 08:11:34', '610281', '2014-12-11 06:40:12'),
(1000000036, 2015, 12, 'VRKT', 'BDG1', 'OFFCS', 'OFFCS', '5', '', '', '', '', '', '234123', '12341234', '12341324', '2000-01-01', 'IDR', 12341234, '', '2000-01-01', 'IDR', 0, '', '2000-01-01', 'IDR', 0, 'IDR', 12341324, 'TWD', 0, '1324123', '13241234', '13241234', '', '', '2000-01-01', '2000-01-01', '', '', '2000-01-01', '2000-01-01', '', 'IDR', 0, 'IDR', 0, '', '', '', '', 'IDR', 0, '', '', '2000-01-01', '2000-01-01', '', 'IDR', 0, '', 'IDR', 0, '', '', '', '', 'IDR', 0, '', '', '', 'IDR', 0, '', '2000-01-01', '', 'IDR', 0, '', '0000-00-00', '', 'IDR', 0, '', '0000-00-00', '', 'IDR', 0, '', '0000-00-00', '', '', '', '0000-00-00', '', '', '2000-01-01', '', '', '2000-01-01', '', '', '2000-01-01', '', '', '2000-01-01', '', '', '2000-01-01', '', '', '', '610281', '2015-01-17 08:11:34', '610281', '2014-12-18 02:46:46'),
(1000000036, 2015, 12, 'VRKT', 'BDG2', 'OFFCS', 'OFFCS', '5', '', '', '', '', '', 'MIKE', 'PERTANGGUNGAN IMPREST FUND', 'TIDAK ADA', '2014-12-02', 'IDR', 2350000, 'TIDAK ADA', '2014-12-02', 'IDR', 2350000, '', '0000-00-00', 'IDR', 0, 'IDR', 2350000, '', 0, 'LENGKAP', '190023156', '2465324', '', '', '0000-00-00', '0000-00-00', '', '', '0000-00-00', '0000-00-00', '', 'IDR', 0, 'IDR', 0, '', '', '', '', 'IDR', 0, '', '', '0000-00-00', '0000-00-00', '', 'IDR', 0, '', 'IDR', 0, '', '', 'X', 'PT.TELKOM', 'IDR', 7256321, 'BANK BNI', '7256321', '', 'IDR', 0, '', '0000-00-00', '', 'IDR', 0, '', '0000-00-00', '', 'IDR', 0, '', '0000-00-00', '', 'IDR', 0, '', '0000-00-00', '', '', '', '0000-00-00', '', '', '0000-00-00', '', '', '0000-00-00', '', '', '0000-00-00', '', '', '0000-00-00', '', '', '0000-00-00', '', '', '', '660144', '2015-01-17 08:11:34', '660144', '2014-12-11 06:43:51'),
(1000000037, 2015, 12, 'VRKT', 'BDG1', 'OFFCS', 'OFFCS', '5', '', '', '', 'X', 'X', 'dfaskdfjldkjf', '', '', '2000-01-01', 'IDR', 0, '', '2000-01-01', 'IDR', 0, '', '2000-01-01', 'IDR', 0, 'IDR', 0, '', 0, '', '', '', '', '', '2000-01-01', '2000-01-01', '', '', '2000-01-01', '2000-01-01', '', 'IDR', 0, 'IDR', 0, '', '', '', '', 'IDR', 0, '', '', '2000-01-01', '2000-01-01', '', 'IDR', 0, '', 'IDR', 0, '', '', '', '', 'IDR', 0, '', '', '', 'IDR', 0, '', '2000-01-01', '', 'IDR', 0, '', '0000-00-00', '', 'IDR', 0, '', '0000-00-00', '', 'IDR', 0, '', '0000-00-00', '', '', '', '0000-00-00', '', '', '2000-01-01', '', '', '2000-01-01', '', '', '2000-01-01', '', '', '2000-01-01', '', '', '2000-01-01', '', '', '', '610281', '2015-01-17 08:11:34', '610281', '2014-12-20 14:46:03'),
(1000000037, 2015, 12, 'VRKT', 'BDG4', 'OFFCS', ' ', '', '', '', '', '', '', 'PT TELKOM', 'Pembayaran Insentif OS3', 'Insyaallah', '2014-12-11', 'IDR', 5000000, 'Insyaallah', '2014-12-11', 'IDR', 5000000, '', '0000-00-00', 'IDR', 0, 'IDR', 5000000, '', 0, 'Amin', '19000025254', '234567', '', '', '0000-00-00', '0000-00-00', '', '', '0000-00-00', '0000-00-00', '', 'IDR', 0, 'IDR', 0, '', '', '', '', 'IDR', 0, '', '', '0000-00-00', '0000-00-00', '', 'IDR', 0, '', 'IDR', 0, '', '', '', '', 'IDR', 0, '', '', '', 'IDR', 0, '', '0000-00-00', '', 'IDR', 0, '', '0000-00-00', '', 'IDR', 0, '', '0000-00-00', '', 'IDR', 0, '', '0000-00-00', '', '', '', '0000-00-00', '', '', '0000-00-00', '', '', '0000-00-00', '', '', '0000-00-00', '', '', '0000-00-00', '', '', '0000-00-00', '', '', '', '620819', '2015-01-17 08:11:34', '900038', '2014-12-11 06:54:24'),
(1000000038, 2015, 12, 'VRKT', 'BDG1', 'OFFCS', 'OFFCS', '5', '', '', '', 'X', 'X', 'SAMPLE DELETE', '', '', '2000-01-01', 'IDR', 0, '', '2000-01-01', 'IDR', 0, '', '2000-01-01', 'IDR', 0, 'IDR', 0, '', 0, '', '', '', '', '', '2000-01-01', '2000-01-01', '', '', '2000-01-01', '2000-01-01', '', 'IDR', 0, 'IDR', 0, '', '', '', '', 'IDR', 0, '', '', '2000-01-01', '2000-01-01', '', 'IDR', 0, '', 'IDR', 0, '', '', '', '', 'IDR', 0, '', '', '', 'IDR', 0, '', '2000-01-01', '', 'IDR', 0, '', '0000-00-00', '', 'IDR', 0, '', '0000-00-00', '', 'IDR', 0, '', '0000-00-00', '', '', '', '0000-00-00', '', '', '2000-01-01', '', '', '2000-01-01', '', '', '2000-01-01', '', '', '2000-01-01', '', '', '2000-01-01', '', '', '', '610281', '2015-01-17 08:11:34', '610281', '2014-12-20 17:16:42'),
(1000000038, 2015, 12, 'VRKT', 'BDG2', 'OFFCS', 'OFFCS', '5', '', '', '', '', '', 'VIO HOTEL', 'MEETING ANGGARAN ', 'TIDAK ADA', '2014-12-02', 'IDR', 10500000, 'TIDAK ADA', '2014-12-02', 'IDR', 10500000, '', '0000-00-00', 'IDR', 0, 'IDR', 10500000, '', 0, 'LENGKAP', '19000112', '2323456', 'X', '235', '2014-12-03', '2014-12-11', '', '', '0000-00-00', '0000-00-00', '', 'IDR', 0, 'IDR', 0, '', '', '', '', 'IDR', 0, '', '', '0000-00-00', '0000-00-00', '', 'IDR', 0, 'X', 'IDR', 10500000, '10500000', '1356', 'X', 'VIO HOTEL', 'IDR', 333265, 'BANK BCA', '333265', '', 'IDR', 0, '', '0000-00-00', '', 'IDR', 0, '', '0000-00-00', '', 'IDR', 0, '', '0000-00-00', '', 'IDR', 0, '', '0000-00-00', '', '', '', '0000-00-00', '', '', '0000-00-00', '', '', '0000-00-00', '', '', '0000-00-00', '', '', '0000-00-00', '', '', '0000-00-00', '', '', '', '660144', '2015-01-17 08:11:34', '660144', '2014-12-11 06:55:48'),
(1000000039, 2015, 12, 'MGR', 'BDG4', 'OSM', 'OSM', '3', '', '', '', '', '', 'PT TECH MAYANTARA', 'TAGIHAN', '371', '2014-12-10', 'IDR', 498828000, '147', '2014-12-09', 'IDR', 498828000, '', '0000-00-00', 'IDR', 0, 'IDR', 453480000, '', 0, 'TAGIHAN', '1900456789', '2654798', 'X', '123456', '2014-12-09', '2014-12-11', 'X', '789456', '2014-12-09', '2014-12-11', '', 'IDR', 0, 'IDR', 0, '', '', '', '', 'IDR', 0, '', '', '0000-00-00', '0000-00-00', '', 'IDR', 0, 'X', 'IDR', 498828000, '453480000', '48965', 'X', 'PT TECH MAYANTARA', 'IDR', 13100045896, 'MANDIRI', '-', 'X', 'IDR', 45348000, '0300089613', '2014-12-09', '', 'IDR', 0, '', '0000-00-00', '', 'IDR', 0, '', '0000-00-00', '', 'IDR', 0, '', '0000-00-00', '', '', '', '0000-00-00', '', '', '0000-00-00', '', '', '0000-00-00', 'X', '03000005672', '2014-12-09', '', '', '0000-00-00', '', '', '0000-00-00', '', '', '', '641889', '2015-01-17 08:11:34', '900038', '2014-12-11 06:59:45'),
(1000000039, 2015, 12, 'VRKT', 'BDG1', 'OFFCS', 'OFFCS', '5', '', '', '', 'X', 'X', 'coba delete', '', '', '2000-01-01', 'IDR', 0, '', '2000-01-01', 'IDR', 0, '', '2000-01-01', 'IDR', 0, 'IDR', 0, '', 0, '', '', '', '', '', '2000-01-01', '2000-01-01', '', '', '2000-01-01', '2000-01-01', '', 'IDR', 0, 'IDR', 0, '', '', '', '', 'IDR', 0, '', '', '2000-01-01', '2000-01-01', '', 'IDR', 0, '', 'IDR', 0, '', '', '', '', 'IDR', 0, '', '', '', 'IDR', 0, '', '2000-01-01', '', 'IDR', 0, '', '0000-00-00', '', 'IDR', 0, '', '0000-00-00', '', 'IDR', 0, '', '0000-00-00', '', '', '', '0000-00-00', '', '', '2000-01-01', '', '', '2000-01-01', '', '', '2000-01-01', '', '', '2000-01-01', '', '', '2000-01-01', '', '', '', '610281', '2015-01-17 08:11:34', '610281', '2014-12-20 17:19:27'),
(1000000040, 2015, 12, 'VRKT', 'BDG4', 'OFFCS', 'OFFCS', '5', '', '', '', '', '', 'DEDI KUSTIRA', 'Beban Rapat', '-', '2000-01-01', 'IDR', 402000, '-', '2000-01-01', 'IDR', 402000, '', '2000-01-01', 'IDR', 0, 'IDR', 402000, '', 0, 'If dari MSC Bid Relation Mgt', '190023546', '-', '', '', '2000-01-01', '2000-01-01', '', '', '2000-01-01', '2000-01-01', '', 'IDR', 0, 'IDR', 0, '', '', '', '', 'IDR', 0, '', '', '2000-01-01', '2000-01-01', '', 'IDR', 0, '', 'IDR', 0, '', '', '', '', 'IDR', 0, '', '', '', 'IDR', 0, '', '2000-01-01', '', 'IDR', 0, '', '0000-00-00', '', 'IDR', 0, '', '0000-00-00', '', 'IDR', 0, '', '0000-00-00', '', '', '', '0000-00-00', '', '', '2000-01-01', '', '', '2000-01-01', '', '', '2000-01-01', '', '', '2000-01-01', '', '', '2000-01-01', '', '', '', '620203', '2015-01-17 08:11:34', '620203', '2014-12-11 07:27:29'),
(1000000041, 2015, 12, 'OSM', 'BDG2', 'DPT', 'MGR', '4,3,2', 'X', 'MGR', '', '', '', 'PT.BUDI LUHUR JAYA', 'PENGADAAN JS OUTSOURCING', 'K.TEL.100/2014', '2014-12-01', 'IDR', 4750000000, 'TIDAK ADA', '2014-12-01', 'IDR', 4750000000, '', '0000-00-00', 'IDR', 0, 'IDR', 5225000000, '', 0, 'LENGKAP', '510602035', '2456896', 'X', '357', '2014-12-02', '2014-12-11', 'X', '3576', '2014-12-02', '2014-12-11', 'X', 'IDR', 4750000000, 'IDR', 4750000000, '1', 'X', '100', 'X', 'IDR', 4750000000, '3500000000', '1250000000', '2014-12-02', '2014-12-02', '', 'IDR', 0, 'X', 'IDR', 5225000000, '4750000000', '3576', 'X', 'PT.BUDI LUHUR', 'IDR', 357425, 'BANK HSBC', '357425', 'X', 'IDR', 475000000, '003143567', '2014-12-02', '', 'IDR', 0, '', '0000-00-00', '', 'IDR', 0, '', '0000-00-00', '', 'IDR', 0, '', '0000-00-00', '', '', '', '0000-00-00', '', '', '0000-00-00', '', '', '0000-00-00', '', '', '0000-00-00', '', '', '0000-00-00', '', '', '0000-00-00', '', '', '', '612506', '2015-01-17 08:11:34', '660144', '2014-12-11 07:32:00'),
(1000000042, 2015, 12, 'VRKT', 'BDG3', 'OFFCS', ' ', '', '', '', '', '', '', 'KOPKAR SARASWATI', 'BY AKOMODASI LAT REG DES 2014', '10/LEA II/2014', '2000-01-01', 'IDR', 22000000, '0', '2000-01-01', 'IDR', 20000000, '0', '2000-01-01', 'IDR', 0, 'IDR', 22000000, '', 0, '10/LEA II/2014-', '1900245250', '0', '', '', '2000-01-01', '2000-01-01', '', '', '2000-01-01', '2000-01-01', '', 'IDR', 0, 'IDR', 0, '', '', '', '', 'IDR', 0, '', '', '2000-01-01', '2000-01-01', '', 'IDR', 0, '', 'IDR', 0, '', '', '', '', 'IDR', 0, '', '', '', 'IDR', 0, '', '2000-01-01', '', 'IDR', 0, '', '0000-00-00', '', 'IDR', 0, '', '0000-00-00', '', 'IDR', 0, '', '0000-00-00', '', '', '', '0000-00-00', '', '', '2000-01-01', '', '', '2000-01-01', '', '', '2000-01-01', '', '', '2000-01-01', '', '', '2000-01-01', '', '', '', '670071', '2015-01-17 08:11:34', '611716', '2014-12-12 01:52:16'),
(1000000043, 2015, 12, 'VRKT', 'BDG4', 'OFFCS', ' ', '', '', '', '', '', '', 'PT PINS', 'ENHANCEMNET', '95/2014', '2014-12-01', 'IDR', 22000000, '450002134', '2014-12-02', 'IDR', 20000000, '', '0000-00-00', 'IDR', 0, 'IDR', 18000000, '', 0, 'KONTRAK PEMBAYARAN', '510002345', '231456', 'X', 'XXXXXX', '2014-12-03', '2014-12-11', 'X', '234561', '2014-12-04', '2014-12-11', 'X', 'IDR', 2000000, 'IDR', 0, '0', '', '0', '', 'IDR', 0, '', '', '0000-00-00', '0000-00-00', '', 'IDR', 0, '', 'IDR', 22000000, '20000000', '', 'X', 'XXXXXXXXX', 'IDR', 12345678890, 'XXXXXXXXX', '0', 'X', 'IDR', 2000000, '03000000000000', '2014-12-11', '', 'IDR', 2000000, '', '0000-00-00', '', 'IDR', 0, '0', '0000-00-00', '', 'IDR', 0, '', '0000-00-00', '', '', '', '0000-00-00', '', '', '0000-00-00', '', '0', '0000-00-00', '', '0', '0000-00-00', '', '', '0000-00-00', '', '', '0000-00-00', '', 'X', '5000000001234', '620819', '2015-01-17 08:11:34', '670019', '2014-12-12 03:15:46'),
(1000000044, 2015, 12, 'VRKT', 'BDG3', 'OFFCS', 'OFFCS', '5', '', '', '', '', '', 'PT AGREGATTA', 'PELATIHAN SIW', '11/LEA III/2014', '2014-12-02', 'IDR', 11000000, '0', '2014-12-03', 'IDR', 10000000, '0', '0000-00-00', 'IDR', 0, 'IDR', 11000000, '', 0, '11/LEA III/2014', '1900245251', '0', '', '', '0000-00-00', '0000-00-00', '', '', '0000-00-00', '0000-00-00', '', 'IDR', 0, 'IDR', 0, '', '', '', '', 'IDR', 0, '', '', '0000-00-00', '0000-00-00', '', 'IDR', 0, '', 'IDR', 0, '', '', '', '', 'IDR', 0, '', '', '', 'IDR', 0, '', '0000-00-00', '', 'IDR', 0, '', '0000-00-00', '', 'IDR', 0, '', '0000-00-00', '', 'IDR', 0, '', '0000-00-00', '', '', '', '0000-00-00', '', '', '0000-00-00', '', '', '0000-00-00', '', '', '0000-00-00', '', '', '0000-00-00', '', '', '0000-00-00', '', '', '', '611716', '2015-01-17 08:11:34', '611716', '2014-12-12 03:26:32'),
(1000000045, 2015, 12, 'OFFCS', 'BDG4', 'MGR', ' ', '', '', '', '', '', '', 'PT  METRANET', 'ATM/ATK', 'XXXXXX', '2014-12-03', 'IDR', 33000000, '4500000000', '2014-12-04', 'IDR', 30000000, '', '0000-00-00', 'IDR', 0, 'IDR', 27000000, '', 0, 'ATM/ATK', '51000003445', '2312345', 'X', 'XXXXXX', '2014-12-05', '2014-12-11', 'X', 'XXXXXX', '2014-12-08', '2014-12-11', 'X', 'IDR', 30000000, 'IDR', 0, '0', '', '', '', 'IDR', 0, '', '', '0000-00-00', '0000-00-00', '', 'IDR', 0, 'X', 'IDR', 33000000, '30000000', 'XXXXXXXX', 'X', 'XXXXXXX', 'IDR', 0, '0', '0', 'X', 'IDR', 30000000, '03000000000', '2014-12-05', '', 'IDR', 0, '', '0000-00-00', '', 'IDR', 0, '', '0000-00-00', '', 'IDR', 0, '', '0000-00-00', '', '', '', '0000-00-00', '', '', '0000-00-00', '', '', '0000-00-00', '', '', '0000-00-00', '', '', '0000-00-00', '', '', '0000-00-00', '', 'X', '5000000000', '641889', '2015-01-17 08:11:34', '670019', '2014-12-12 03:29:37'),
(1000000046, 2015, 12, 'VRKT', 'BDG1', 'OFFCS', ' ', '', '', '', '', '', '', 'Melbourne Business School', 'Payment Stage I International Leadership, Vic 3000', 'Ref.K.Tel.398/HK910/TCU-A10000', '2014-09-19', 'USD', 119278, '0', '2014-12-12', 'IDR', 119278, '0', '0000-00-00', 'IDR', 0, 'IDR', 119278, '', 0, 'Payment Stage I International Leadership, Vic 3000', '1900245577', '350/Kug-000/TCU-A103', 'X', '6610772', '2014-12-31', '2014-12-01', 'X', '6610772', '2014-12-31', '2014-12-01', '', 'IDR', 0, 'USD', 119278, '', 'X', '27-12-2014', '', 'IDR', 0, '', '', '0000-00-00', '0000-00-00', '', 'IDR', 0, 'X', 'IDR', 119278, '119278', 'C03687', 'X', 'Melbourne Business School', 'USD', 46378981, 'National Australia B', '083170', 'X', 'USD', 10843, '131788', '2014-12-27', '', 'IDR', 0, '', '0000-00-00', '', 'IDR', 0, '', '0000-00-00', '', 'IDR', 0, '', '0000-00-00', '', '', '', '0000-00-00', '', '', '0000-00-00', '', '', '0000-00-00', 'X', '131788', '2014-12-27', '', '', '0000-00-00', '', '', '0000-00-00', '', '', '', '591359', '2015-01-17 08:11:34', '611209', '2014-12-12 03:30:32');
INSERT INTO `trx_detail` (`DOC_NUMBER`, `YEAR`, `MONTH`, `LEVEL`, `AREA`, `FIATUR`, `APPROVAL_LEVEL`, `FLOW_MAIN`, `REJECT_FLAG`, `REJECT_LEVEL`, `REJECT_FLOW`, `NOT_COMPLETE`, `DELETE_FLAG`, `NAMA_MITRA`, `NAMA_PROYEK`, `KONTRAK_NO`, `KONTRAK_TGL`, `KONTRAK_CURRENCY`, `KONTRAK_AMOUNT`, `PO_SP_NO`, `PO_SP_TGL`, `PO_SP_CURRENCY`, `PO_SP_AMOUNT`, `AMANDEMEN_NO`, `AMANDEMEN_TGL`, `AMANDEMEN_CURRENCY`, `AMANDEMEN_AMOUNT`, `TRUE_VALUE_CURRENCY`, `TRUE_VALUE`, `FOREIGN_CURRENCY`, `FOREIGN_AMOUNT`, `KETERANGAN`, `NO_SAP`, `NO_SPB`, `TAGIHAN_MARK`, `TAGIHAN_NO`, `TAGIHAN_TGL`, `TAGIHAN_TGL_MASUK`, `INVOICE_MARK`, `INVOICE_NO`, `INVOICE_TGL`, `INVOICE_TGL_MASUK`, `PO_NON_PPN_MARK`, `PO_NON_PPN_CURRENCY`, `PO_NON_PPN_AMOUNT`, `PO_NON_PPN_AMANDEMEN_CURRENCY`, `PO_NON_PPN_AMANDEMEN_AMOUNT`, `PO_NON_PPN_THP_REKON`, `BATAS_AKHIR_PRJ_MARK`, `BATAS_AKHIR_PRJ_NO_BAUT`, `BAST_NON_PPN_MARK`, `BAST_NON_PPN_CURRENCY`, `BAST_NON_PPN_AMOUNT`, `BAST_NON_PPN_BARANG`, `BAST_NON_PPN_JASA`, `BAST_NON_PPN_TGL_BAUT`, `BAST_NON_PPN_TGL_BAST`, `PTG_UANG_MUKA_MARK`, `PTG_UANG_MUKA_CURRENCY`, `PTG_UANG_MUKA_AMOUNT`, `KUITANSI_PPN_MARK`, `KUITANSI_PPN_CURRENCY`, `KUITANSI_PPN_AMOUNT`, `KUITANSI_PPN_ATAU`, `KUITANSI_PPN_NO`, `REKENING_MARK`, `REKENING_ATS_NAMA`, `REKENING_CURRENCY`, `REKENING_AMOUNT`, `REKENING_BANK`, `REKENING_SW_CODE`, `FAKTUR_PJK_MARK`, `FAKTUR_PJK_CURRENCY`, `FAKTUR_PJK_AMOUNT`, `FAKTUR_PJK_NO`, `FAKTUR_PJK_TGL`, `JAMN_UANG_MUKA_MARK`, `JAMN_UANG_MUKA_CURRENCY`, `JAMN_UANG_MUKA_AMOUNT`, `JAMN_UANG_MUKA_ASSR`, `JAMN_UANG_MUKA_EXPIRED`, `JAMN_PELKSNA_MARK`, `JAMN_PELKSNA_CURRENCY`, `JAMN_PELKSNA_AMOUNT`, `JAMN_PELKSNA_ASSR`, `JAMN_PELKSNA_EXPIRED`, `JAMN_PLHRA_MARK`, `JAMN_PLHRA_CURRENCY`, `JAMN_PLHRA_AMOUNT`, `JAMN_PLHRA_ASSR`, `JAMN_PLHRA_EXPIRED`, `POLIS_ASUR_MARK`, `POLIS_ASUR_NO`, `POLIS_ASUR_ASSR`, `POLIS_ASUR_EXPIRED`, `TD_TERIMA_BLD_DRAW_MARK`, `TD_TERIMA_BLD_DRAW_NO`, `TD_TERIMA_BLD_DRAW_TGL`, `SIUJK_MARK`, `SIUJK_NO`, `SIUJK_TGL`, `NPWP_MARK`, `NPWP_NO`, `NPWP_TGL`, `F_DGT1_MARK`, `F_DGT1_NO`, `F_DGT1_TGL`, `SIDE_LETTER_MARK`, `SIDE_LETTER_NO`, `SIDE_LETTER_TGL`, `REKON_WAKTU_MARK`, `PO_MIGO_MARK`, `PO_MIGO_VALUE`, `CHANGED_BY`, `CHANGED_AT`, `CREATED_BY`, `CREATED_AT`) VALUES
(1000000047, 2015, 12, 'OFFCS', 'BDG2', 'MGR', 'OFFCS', '5,4', 'X', 'OFFCS', '', '', '', 'PT GRAHA SARANA DUTA', 'PEKERJAAN PERBAIKAN GEDUNG IRIAN JAYA ', '231/HK810 /SUC-1123/000/000291', '2014-09-10', 'IDR', 250000000, '0', '0000-00-00', 'IDR', 250000000, '', '0000-00-00', 'IDR', 0, 'IDR', 250000000, '', 0, 'PEKERJAAN PERBAIKAN GEDUNG IRIAN JAYA ', '19000000123', '14002587', 'X', '125874', '2014-11-05', '2014-11-17', 'X', '140140140', '2014-11-05', '2014-11-17', '', 'IDR', 0, 'IDR', 0, '', '', '', 'X', 'IDR', 450000, '0', 'PEKERJAAN ', '0000-00-00', '0000-00-00', '', 'IDR', 0, 'X', 'IDR', 250000000, '225000000', '12451', 'X', 'PT GRAHA SARANA DUTA', 'IDR', 125478520, 'MANDIRI ', '0', 'X', 'IDR', 25000000, '0300140000112222', '2014-11-04', '', 'IDR', 0, '', '0000-00-00', '', 'IDR', 0, '', '0000-00-00', '', 'IDR', 0, '', '0000-00-00', '', '', '', '0000-00-00', '', '', '0000-00-00', '', '', '0000-00-00', '', '', '0000-00-00', '', '', '0000-00-00', '', '', '0000-00-00', '', '', '', '630734', '2015-01-17 08:11:34', '680450', '2014-12-12 03:36:20'),
(1000000048, 2015, 12, 'VRKT', 'BDG1', 'OFFCS', 'OFFCS', '5', '', '', '', '', '', 'KOPERASI METROPOLITAN', 'PAKET MEETING RAKOR DIT KONSUMER', '01/KU000/2014', '2014-12-01', 'IDR', 20000000, '0', '0000-00-00', 'IDR', 20000000, '0', '0000-00-00', 'IDR', 0, 'IDR', 22000000, '', 0, '0', '1900012345', '12345', 'X', '123', '2014-12-07', '2014-12-09', 'X', '567890', '2014-12-07', '2014-12-09', '', 'IDR', 0, 'IDR', 0, '', 'X', '10/BA/2014', '', 'IDR', 0, '', 'PAKET MEETING', '2014-12-05', '0000-00-00', '', 'IDR', 0, 'X', 'IDR', 22000000, '20000000', '567890', 'X', 'KOPERASI METROPOLITAN', 'IDR', 987654321, 'MANDIRI', '0', 'X', 'IDR', 2000000, '20304050', '2014-12-07', '', 'IDR', 0, '', '0000-00-00', '', 'IDR', 0, '', '0000-00-00', '', 'IDR', 0, '', '0000-00-00', '', '', '', '0000-00-00', '', '', '0000-00-00', '', '', '0000-00-00', 'X', '100200300400', '2014-12-07', '', '', '0000-00-00', '', '', '0000-00-00', '', '', '', '640694', '2015-01-17 08:11:34', '640694', '2014-12-12 03:36:27'),
(1000000049, 2015, 12, 'VRKT', 'BDG4', 'OFFCS', 'OFFCS', '5', '', '', '', 'X', '', 'PT  TELKOMSEL', 'SSSSSSSSS', '', '2000-01-01', 'IDR', 0, '', '2000-01-01', 'IDR', 0, '', '2000-01-01', 'IDR', 0, 'IDR', 0, '', 0, '', '', '', '', '', '2000-01-01', '2000-01-01', '', '', '2000-01-01', '2000-01-01', '', 'IDR', 0, 'IDR', 0, '', '', '', '', 'IDR', 0, '', '', '2000-01-01', '2000-01-01', '', 'IDR', 0, '', 'IDR', 0, '', '', '', '', 'IDR', 0, '', '', '', 'IDR', 0, '', '2000-01-01', '', 'IDR', 0, '', '0000-00-00', '', 'IDR', 0, '', '0000-00-00', '', 'IDR', 0, '', '0000-00-00', '', '', '', '0000-00-00', '', '', '2000-01-01', '', '', '2000-01-01', '', '', '2000-01-01', '', '', '2000-01-01', '', '', '2000-01-01', '', '', '', '670019', '2015-01-17 08:11:34', '670019', '2014-12-12 03:38:24'),
(1000000050, 2015, 12, 'VRKT', 'BDG3', 'OFFCS', ' ', '', '', '', '', '', '', 'IF CORPU BIA', 'IF', '100000234', '2014-12-12', 'IDR', 10000000, '-', '2014-12-12', 'IDR', 10000000, '', '2000-01-01', 'IDR', 0, 'IDR', 9000000, '', 0, 'IF CORPU BIA', '1900000245', '123459', 'X', '101/KU240/TCU', '2014-12-12', '2000-01-01', 'X', '', '2000-01-01', '2000-01-01', '', 'IDR', 0, 'IDR', 0, '', '', '', '', 'IDR', 0, '', '', '2000-01-01', '2000-01-01', '', 'IDR', 0, 'X', 'IDR', 10000000, '9000000', '', '', '', 'IDR', 0, '', '', 'X', 'IDR', 9000000, '', '2000-01-01', '', 'IDR', 0, '', '0000-00-00', '', 'IDR', 0, '', '0000-00-00', '', 'IDR', 0, '', '0000-00-00', '', '', '', '0000-00-00', '', '', '2000-01-01', '', '', '2000-01-01', '', '', '2000-01-01', '', '', '2000-01-01', '', '', '2000-01-01', '', '', '', '670071', '2015-01-17 08:11:34', '710240', '2014-12-12 03:40:59'),
(1000000051, 2015, 12, 'VRKT', 'BDG4', 'OFFCS', 'OFFCS', '5', '', '', '', 'X', '', 'Marcell Siahaan', 'Sewa Server ', 'gaha/msc/2014', '2014-12-01', 'IDR', 22000000, '', '2000-01-01', 'IDR', 0, '', '2000-01-01', 'IDR', 0, 'IDR', 0, '', 0, '', '', '', '', '', '2000-01-01', '2000-01-01', '', '', '2000-01-01', '2000-01-01', '', 'IDR', 0, 'IDR', 0, '', '', '', '', 'IDR', 0, '', '', '2000-01-01', '2000-01-01', '', 'IDR', 0, '', 'IDR', 0, '', '', '', '', 'IDR', 0, '', '', '', 'IDR', 0, '', '2000-01-01', '', 'IDR', 0, '', '0000-00-00', '', 'IDR', 0, '', '0000-00-00', '', 'IDR', 0, '', '0000-00-00', '', '', '', '0000-00-00', '', '', '2000-01-01', '', '', '2000-01-01', '', '', '2000-01-01', '', '', '2000-01-01', '', '', '2000-01-01', '', '', '', '632163', '2015-01-17 08:11:34', '632163', '2014-12-12 03:42:48'),
(1000000052, 2015, 12, 'VRKT', 'BDG1', 'OFFCS', 'OFFCS', '5', '', '', '', 'X', '', 'FBCC', 'Meeting CSTP', '012D15', '2014-12-08', 'IDR', 145211000, '', '2000-01-01', 'IDR', 0, '', '2000-01-01', 'IDR', 0, 'IDR', 0, '', 0, '', '', '', '', '', '2000-01-01', '2000-01-01', '', '', '2000-01-01', '2000-01-01', '', 'IDR', 0, 'IDR', 0, '', '', '', '', 'IDR', 0, '', '', '2000-01-01', '2000-01-01', '', 'IDR', 0, '', 'IDR', 0, '', '', '', '', 'IDR', 0, '', '', '', 'IDR', 0, '', '2000-01-01', '', 'IDR', 0, '', '0000-00-00', '', 'IDR', 0, '', '0000-00-00', '', 'IDR', 0, '', '0000-00-00', '', '', '', '0000-00-00', '', '', '2000-01-01', '', '', '2000-01-01', '', '', '2000-01-01', '', '', '2000-01-01', '', '', '2000-01-01', '', '', '', '611209', '2015-01-17 08:11:34', '611209', '2014-12-12 03:42:58'),
(1000000053, 2015, 12, 'VRKT', 'BDG1', 'OFFCS', ' ', '', '', '', '', '', '', 'FARIDA EMI', 'IMPREST FUND', '2014012345', '2014-12-02', 'IDR', 5000000, '0', '0000-00-00', 'IDR', 5000000, '0', '0000-00-00', 'IDR', 0, 'IDR', 5000000, '', 0, '0000000000000000000000000000000000000000000000000000000000000000000000', '2014102030', '201400', '', '', '0000-00-00', '0000-00-00', '', '', '0000-00-00', '0000-00-00', '', 'IDR', 0, 'IDR', 0, '', '', '', '', 'IDR', 0, '', '', '0000-00-00', '0000-00-00', '', 'IDR', 0, '', 'IDR', 0, '', '', '', '', 'IDR', 0, '', '', '', 'IDR', 0, '', '0000-00-00', '', 'IDR', 0, '', '0000-00-00', '', 'IDR', 0, '', '0000-00-00', '', 'IDR', 0, '', '0000-00-00', '', '', '', '0000-00-00', '', '', '0000-00-00', '', '', '0000-00-00', '', '', '0000-00-00', '', '', '0000-00-00', '', '', '0000-00-00', '', '', '', '591359', '2015-01-17 08:11:34', '640694', '2014-12-12 03:46:28'),
(1000000054, 2015, 12, 'VRKT', 'BDG2', 'OFFCS', ' ', '', '', '', '', '', '', 'IF FINANCE SERVICE CORPORATE ', 'TEL 21 NO 12/FC/2014 ', '0', '2014-10-10', 'IDR', 2500000, '0', '0000-00-00', 'IDR', 2500000, '', '0000-00-00', 'IDR', 0, 'IDR', 2488000, '', 0, 'TEL 21 NO 12/FC/2014', '0', '0', 'X', '0', '2014-11-19', '2014-11-20', 'X', '1235847', '2014-11-10', '2014-11-20', '', 'IDR', 0, 'IDR', 0, '', '', '0', 'X', 'IDR', 600000, 'SEWA KBM', '120000', '0000-00-00', '0000-00-00', '', 'IDR', 0, 'X', 'IDR', 2500000, '600000', '0', 'X', 'MURNI', 'IDR', 2135847123, 'BNI 1946', '0', '', 'IDR', 0, '', '0000-00-00', '', 'IDR', 0, '', '0000-00-00', '', 'IDR', 0, '', '0000-00-00', '', 'IDR', 0, '', '0000-00-00', '', '', '', '0000-00-00', '', '', '0000-00-00', '', '', '0000-00-00', '', '', '0000-00-00', '', '', '0000-00-00', '', '', '0000-00-00', '', '', '', '630734', '2015-01-17 08:11:34', '680450', '2014-12-12 03:50:16'),
(1000000055, 2015, 12, 'VRKT', 'BDG2', 'OFFCS', ' ', '', '', '', '', '', '', 'IF DWN /2014', 'IF NO 12/234/DWN /2014', '0', '2014-12-12', 'IDR', 1850000, '0', '2014-12-12', 'IDR', 1850000, '', '0000-00-00', 'IDR', 0, 'IDR', 1850000, '', 0, 'IF NO 12/234/DWN /2014', '0', '0', '', '', '0000-00-00', '0000-00-00', '', '', '0000-00-00', '0000-00-00', '', 'IDR', 0, 'IDR', 0, '', '', '', '', 'IDR', 0, '', '', '0000-00-00', '0000-00-00', '', 'IDR', 0, '', 'IDR', 0, '', '', '', '', 'IDR', 0, '', '', '', 'IDR', 0, '', '0000-00-00', '', 'IDR', 0, '', '0000-00-00', '', 'IDR', 0, '', '0000-00-00', '', 'IDR', 0, '', '0000-00-00', '', '', '', '0000-00-00', '', '', '0000-00-00', '', '', '0000-00-00', '', '', '0000-00-00', '', '', '0000-00-00', '', '', '0000-00-00', '', '', '', '630734', '2015-01-17 08:11:34', '680450', '2014-12-12 03:53:39'),
(1000000056, 2015, 12, 'VRKT', 'BDG2', 'OFFCS', ' ', '', '', '', '', '', '', 'CV LINTAS MENUARA', 'TAGIHAN LISTRIK', '0', '2014-12-04', 'IDR', 25000000, '0', '2014-12-04', 'IDR', 25000000, '', '0000-00-00', 'IDR', 0, 'IDR', 25000000, '', 0, 'TAGIHAN LISTRIK', '1900000002541', '19258471', '', '', '0000-00-00', '0000-00-00', '', '', '0000-00-00', '0000-00-00', '', 'IDR', 0, 'IDR', 0, '', '', '', '', 'IDR', 0, '', '', '0000-00-00', '0000-00-00', '', 'IDR', 0, '', 'IDR', 0, '', '', '', '', 'IDR', 0, '', '', '', 'IDR', 0, '', '0000-00-00', '', 'IDR', 0, '', '0000-00-00', '', 'IDR', 0, '', '0000-00-00', '', 'IDR', 0, '', '0000-00-00', '', '', '', '0000-00-00', '', '', '0000-00-00', '', '', '0000-00-00', '', '', '0000-00-00', '', '', '0000-00-00', '', '', '0000-00-00', '', '', '', '630734', '2015-01-17 08:11:34', '680450', '2014-12-12 03:57:31'),
(1000000057, 2015, 12, 'VRKT', 'BDG3', 'OFFCS', 'OFFCS', '5', '', '', '', '', '', 'DADALI CITRA', 'JASA KONSUTAN', '1224/KU2222/2014', '2014-12-12', 'IDR', 15000000, '12336', '2014-12-12', 'IDR', 15000000, '', '2000-01-01', 'IDR', 0, 'IDR', 13500000, '', 0, 'JASA KONSULTAN', '19000000125', '2458588', 'X', '1254578', '2014-12-12', '2014-12-01', 'X', '1254785', '2014-12-12', '2014-12-01', '', 'IDR', 0, 'IDR', 0, '', '', '', 'X', 'IDR', 15000000, 'JASA', '', '2000-01-01', '2000-01-01', '', 'IDR', 0, '', 'IDR', 15000000, '13500000', '13456', 'X', 'DADAI CITRA', 'IDR', 12456789, 'MANDIRI', '', 'X', 'IDR', 13500000, '13000000112420', '2014-12-12', '', 'IDR', 0, '', '0000-00-00', '', 'IDR', 0, '', '0000-00-00', '', 'IDR', 0, '', '0000-00-00', '', '', '', '0000-00-00', '', '', '2000-01-01', '', '', '2000-01-01', 'X', '0013131546313', '2014-09-01', '', '', '2000-01-01', '', '', '2000-01-01', '', '', '', '710240', '2015-01-17 08:11:34', '710240', '2014-12-12 04:06:00'),
(1000000058, 2015, 12, 'VRKT', 'BDG2', 'OFFCS', ' ', '', '', '', '', '', '', '700452', '700452', '700452', '2000-01-01', 'IDR', 700452, '', '2000-01-01', 'IDR', 0, '', '2000-01-01', 'IDR', 0, 'IDR', 700452, '', 0, '700452', '700452', '700452', '', '', '2000-01-01', '2000-01-01', '', '', '2000-01-01', '2000-01-01', '', 'IDR', 0, 'IDR', 0, '', '', '', '', 'IDR', 0, '', '', '2000-01-01', '2000-01-01', '', 'IDR', 0, '', 'IDR', 0, '', '', '', '', 'IDR', 0, '', '', '', 'IDR', 0, '', '2000-01-01', '', 'IDR', 0, '', '0000-00-00', '', 'IDR', 0, '', '0000-00-00', '', 'IDR', 0, '', '0000-00-00', '', '', '', '0000-00-00', '', '', '2000-01-01', '', '', '2000-01-01', '', '', '2000-01-01', '', '', '2000-01-01', '', '', '2000-01-01', '', '', '', '630734', '2015-01-17 08:11:34', '700452', '2014-12-16 02:23:57'),
(1000000060, 2015, 12, 'VRKT', 'BDG1', 'OFFCS', 'OFFCS', '5', '', '', '', 'X', 'X', 'testing delete', '', '', '2000-01-01', 'IDR', 0, '', '2000-01-01', 'IDR', 0, '', '2000-01-01', 'IDR', 0, 'IDR', 0, '', 0, '', '', '', '', '', '2000-01-01', '2000-01-01', '', '', '2000-01-01', '2000-01-01', '', 'IDR', 0, 'IDR', 0, '', '', '', '', 'IDR', 0, '', '', '2000-01-01', '2000-01-01', '', 'IDR', 0, '', 'IDR', 0, '', '', '', '', 'IDR', 0, '', '', '', 'IDR', 0, '', '2000-01-01', '', 'IDR', 0, '', '0000-00-00', '', 'IDR', 0, '', '0000-00-00', '', 'IDR', 0, '', '0000-00-00', '', '', '', '0000-00-00', '', '', '2000-01-01', '', '', '2000-01-01', '', '', '2000-01-01', '', '', '2000-01-01', '', '', '2000-01-01', '', '', '', '610281', '2015-01-17 08:11:34', '610281', '2014-12-21 02:20:01'),
(1000000061, 2015, 12, 'VRKT', 'BDG1', 'OFFCS', 'OFFCS', '5', '', '', '', 'X', 'X', 'COBA DELETE LAGI nih', '', '', '2000-01-01', 'IDR', 0, '', '2000-01-01', 'IDR', 0, '', '2000-01-01', 'IDR', 0, 'IDR', 0, '', 0, '', '', '', '', '', '2000-01-01', '2000-01-01', '', '', '2000-01-01', '2000-01-01', '', 'IDR', 0, 'IDR', 0, '', '', '', '', 'IDR', 0, '', '', '2000-01-01', '2000-01-01', '', 'IDR', 0, '', 'IDR', 0, '', '', '', '', 'IDR', 0, '', '', '', 'IDR', 0, '', '2000-01-01', '', 'IDR', 0, '', '0000-00-00', '', 'IDR', 0, '', '0000-00-00', '', 'IDR', 0, '', '0000-00-00', '', '', '', '0000-00-00', '', '', '2000-01-01', '', '', '2000-01-01', '', '', '2000-01-01', '', '', '2000-01-01', '', '', '2000-01-01', '', '', '', '610281', '2015-01-17 08:11:34', '610281', '2014-12-21 03:16:11'),
(1000000062, 2015, 12, 'VRKT', 'BDG1', 'OFFCS', 'OFFCS', '5', '', '', '', 'X', 'X', 'Testing Park Document', '', '', '2000-01-01', 'IDR', 0, '', '2000-01-01', 'IDR', 0, '', '2000-01-01', 'IDR', 0, 'IDR', 0, '', 0, '', '', '', '', '', '2000-01-01', '2000-01-01', '', '', '2000-01-01', '2000-01-01', '', 'IDR', 0, 'IDR', 0, '', '', '', '', 'IDR', 0, '', '', '2000-01-01', '2000-01-01', '', 'IDR', 0, '', 'IDR', 0, '', '', '', '', 'IDR', 0, '', '', '', 'IDR', 0, '', '2000-01-01', '', 'IDR', 0, '', '0000-00-00', '', 'IDR', 0, '', '0000-00-00', '', 'IDR', 0, '', '0000-00-00', '', '', '', '0000-00-00', '', '', '2000-01-01', '', '', '2000-01-01', '', '', '2000-01-01', '', '', '2000-01-01', '', '', '2000-01-01', '', '', '', '610281', '2015-01-17 08:11:34', '610281', '2014-12-21 03:26:23'),
(1000000063, 2015, 1, 'VRKT', 'BDG1', 'OFFCS', 'OFFCS', '5', '', '', '', 'X', '', 'multi park', '', '', '2000-01-01', 'IDR', 0, '', '2000-01-01', 'IDR', 0, '', '2000-01-01', 'IDR', 0, 'IDR', 0, '', 0, '', '', '', '', '', '2000-01-01', '2000-01-01', '', '', '2000-01-01', '2000-01-01', '', 'IDR', 0, 'IDR', 0, '', '', '', '', 'IDR', 0, '', '', '2000-01-01', '2000-01-01', '', 'IDR', 0, '', 'IDR', 0, '', '', '', '', 'IDR', 0, '', '', '', 'IDR', 0, '', '2000-01-01', '', 'IDR', 0, '', '2000-01-01', '', 'IDR', 0, '', '2000-01-01', '', 'IDR', 0, '', '2000-01-01', '', '', '', '2000-01-01', '', '', '2000-01-01', '', '', '2000-01-01', '', '', '2000-01-01', '', '', '2000-01-01', '', '', '2000-01-01', '', '', '', '610281', '2015-01-17 10:15:39', '610281', '2015-01-17 10:15:39');

-- --------------------------------------------------------

--
-- Table structure for table `trx_history`
--

CREATE TABLE IF NOT EXISTS `trx_history` (
`LOG_NUMBER` bigint(20) NOT NULL,
  `DOC_NUMBER` int(10) NOT NULL,
  `YEAR` int(4) NOT NULL,
  `MONTH` int(2) NOT NULL,
  `USER` varchar(15) NOT NULL,
  `LEVEL` varchar(15) NOT NULL,
  `AREA` varchar(30) NOT NULL,
  `PRIORITY` int(2) NOT NULL,
  `STATUS` varchar(10) NOT NULL,
  `START_AT` datetime NOT NULL,
  `FINISH_AT` datetime NOT NULL,
  `NEXT_APPROVAL` varchar(15) NOT NULL
) ENGINE=InnoDB  DEFAULT CHARSET=latin1 AUTO_INCREMENT=257 ;

--
-- Dumping data for table `trx_history`
--

INSERT INTO `trx_history` (`LOG_NUMBER`, `DOC_NUMBER`, `YEAR`, `MONTH`, `USER`, `LEVEL`, `AREA`, `PRIORITY`, `STATUS`, `START_AT`, `FINISH_AT`, `NEXT_APPROVAL`) VALUES
(131, 1000000001, 2015, 11, '610281', 'VRKT', 'BDG1', 6, 'PARK', '2014-11-23 13:11:39', '2014-11-23 13:13:06', ''),
(132, 1000000001, 2015, 11, '610281', 'OFFCS', 'BDG1', 6, 'APPROVE', '2014-11-24 05:39:05', '2014-11-24 05:40:05', 'OFFCS'),
(133, 1000000001, 2015, 11, '591359', 'OFFCS', 'BDG1', 5, 'APPROVE', '2014-11-24 05:40:05', '2014-11-24 05:44:16', 'MGR'),
(134, 1000000002, 2015, 11, '620203', 'OFFCS', 'BDG4', 6, 'PARK', '2014-11-26 03:47:48', '2014-11-26 03:55:16', ''),
(135, 1000000002, 2015, 11, '620203', 'OFFCS', 'BDG4', 6, 'APPROVE', '2014-11-26 03:56:19', '2014-11-26 03:56:47', 'OFFCS'),
(136, 1000000002, 2015, 11, '620819', 'OFFCS', 'BDG4', 5, 'APPROVE', '2014-11-26 03:56:47', '2014-11-26 03:57:30', 'MGR'),
(137, 1000000002, 2015, 11, '641889', 'MGR', 'BDG4', 4, 'APPROVE', '2014-11-26 03:57:30', '2014-11-26 04:23:59', 'MGR'),
(138, 1000000003, 2015, 11, '620203', 'VRKT', 'BDG4', 6, 'APPROVE', '2014-11-26 04:25:04', '2014-11-26 04:28:43', 'OFFCS'),
(139, 1000000003, 2015, 11, '620819', 'OFFCS', 'BDG4', 5, 'APPROVE', '2014-11-26 04:28:43', '2014-11-26 04:31:09', 'MGR'),
(140, 1000000003, 2015, 11, '641889', 'MGR', 'BDG4', 4, 'REJECT', '2014-11-26 04:31:09', '2014-11-26 04:32:42', 'MGR'),
(141, 1000000004, 2015, 11, '610281', 'VRKT', 'BDG1', 6, 'APPROVE', '2014-11-28 04:00:31', '2014-11-28 04:03:29', 'OFFCS'),
(142, 1000000001, 2015, 11, '590393', 'MGR', 'BDG1', 4, 'APPROVE', '2014-11-24 05:44:16', '2014-11-28 04:08:47', 'MGR'),
(143, 1000000004, 2015, 11, '591359', 'OFFCS', 'BDG1', 5, 'APPROVE', '2014-11-28 04:03:29', '2014-11-28 04:13:24', 'MGR'),
(144, 1000000006, 2015, 11, '620203', 'OFFCS', 'BDG4', 6, 'APPROVE', '2014-11-28 05:03:38', '2014-11-28 05:04:08', 'OFFCS'),
(145, 1000000006, 2015, 11, '620819', 'OFFCS', 'BDG4', 5, 'APPROVE', '2014-11-28 05:04:08', '2014-11-28 05:04:47', 'MGR'),
(146, 1000000006, 2015, 11, '641889', 'MGR', 'BDG4', 4, 'REJECT', '2014-11-28 05:04:47', '2014-11-28 05:05:24', 'MGR'),
(147, 1000000007, 2015, 11, '620203', 'VRKT', 'BDG4', 6, 'APPROVE', '2014-11-28 05:08:25', '2014-11-28 05:14:37', 'MGR'),
(148, 1000000007, 2015, 11, '641889', 'MGR', 'BDG4', 4, 'APPROVE', '2014-11-28 05:14:37', '2014-11-28 05:15:35', 'OSM'),
(149, 1000000007, 2015, 11, '580222', 'OSM', 'BDG4', 3, 'APPROVE', '2014-11-28 05:15:35', '2014-11-28 05:16:35', 'OSM'),
(150, 1000000008, 2015, 12, '620203', 'VRKT', 'BDG4', 6, 'APPROVE', '2014-12-02 08:04:17', '2014-12-02 08:07:08', 'MGR'),
(151, 1000000008, 2015, 12, '641889', 'MGR', 'BDG4', 4, 'APPROVE', '2014-12-02 08:07:08', '2014-12-02 08:11:32', 'OSM'),
(152, 1000000008, 2015, 12, '580222', 'OSM', 'BDG4', 3, 'APPROVE', '2014-12-02 08:11:32', '2014-12-02 08:11:51', 'OSM'),
(153, 1000000005, 2015, 11, '610281', 'MGR', 'BDG1', 6, 'APPROVE', '2014-12-02 09:35:22', '2014-12-02 09:37:24', 'MGR'),
(154, 1000000005, 2015, 11, '590393', 'MGR', 'BDG1', 4, 'APPROVE', '2014-12-02 09:37:24', '2014-12-02 09:37:50', 'OSM'),
(155, 1000000005, 2015, 11, '580222', 'OSM', 'BDG1', 3, 'APPROVE', '2014-12-02 09:37:50', '2014-12-02 09:43:39', 'OSM'),
(156, 1000000009, 2015, 12, '610281', 'VRKT', 'BDG1', 6, 'APPROVE', '2014-12-02 09:56:09', '2014-12-02 10:03:19', 'MGR'),
(157, 1000000009, 2015, 12, '590393', 'MGR', 'BDG1', 4, 'APPROVE', '2014-12-02 10:03:19', '2014-12-02 10:09:45', 'OSM'),
(158, 1000000009, 2015, 12, '580222', 'OSM', 'BDG1', 3, 'REJECT', '2014-12-02 10:09:45', '2014-12-02 10:13:43', 'OSM'),
(159, 1000000010, 2015, 12, '610281', 'VRKT', 'BDG1', 6, 'APPROVE', '2014-12-03 08:06:53', '2014-12-03 08:24:51', 'MGR'),
(160, 1000000010, 2015, 12, '590393', 'MGR', 'BDG1', 4, 'APPROVE', '2014-12-03 08:24:51', '2014-12-03 08:27:03', 'OSM'),
(161, 1000000010, 2015, 12, '580222', 'OSM', 'BDG1', 3, 'APPROVE', '2014-12-03 08:27:03', '2014-12-03 08:28:29', 'OSM'),
(162, 1000000013, 2015, 12, '632163', 'VRKT', 'BDG4', 6, 'APPROVE', '2014-12-11 04:10:29', '2014-12-11 04:11:49', 'OFFCS'),
(163, 1000000015, 2015, 12, '910015', 'OFFCS', 'JKTCORP', 6, 'APPROVE', '2014-12-11 04:13:44', '2014-12-11 04:18:55', 'OFFCS'),
(164, 1000000017, 2015, 12, '621260', 'VRKT', 'JKTCORP', 6, 'APPROVE', '2014-12-11 04:45:34', '2014-12-11 04:47:35', 'OFFCS'),
(165, 1000000012, 2015, 12, '700452', 'VRKT', 'BDG2', 6, 'APPROVE', '2014-12-11 04:09:48', '2014-12-11 04:47:48', 'MGR'),
(166, 1000000019, 2015, 12, '900038', 'VRKT', 'BDG4', 6, 'APPROVE', '2014-12-11 03:56:15', '2014-12-11 04:57:54', 'OFFCS'),
(167, 1000000020, 2015, 12, '900038', 'VRKT', 'BDG4', 6, 'APPROVE', '2014-12-11 03:56:15', '2014-12-11 04:58:10', 'OFFCS'),
(168, 1000000021, 2015, 12, '900038', 'VRKT', 'BDG4', 6, 'APPROVE', '2014-12-11 03:56:15', '2014-12-11 04:59:34', 'OFFCS'),
(169, 1000000022, 2015, 12, '900038', 'VRKT', 'BDG4', 6, 'APPROVE', '2014-12-11 03:56:15', '2014-12-11 05:00:16', 'OFFCS'),
(170, 1000000023, 2015, 12, '620457', 'VRKT', 'JKTCTR', 6, 'APPROVE', '2014-12-11 04:53:16', '2014-12-11 05:00:43', 'OFFCS'),
(171, 1000000011, 2015, 12, '610281', 'VRKT', 'BDG1', 6, 'APPROVE', '2014-12-11 03:57:15', '2014-12-11 05:00:51', 'OFFCS'),
(172, 1000000024, 2015, 12, '900038', 'VRKT', 'BDG4', 6, 'APPROVE', '2014-12-11 03:56:15', '2014-12-11 05:01:10', 'OFFCS'),
(173, 1000000025, 2015, 12, '620203', 'VRKT', 'BDG4', 6, 'APPROVE', '2014-12-11 03:56:19', '2014-12-11 05:01:59', 'MGR'),
(174, 1000000026, 2015, 12, '900038', 'VRKT', 'BDG4', 6, 'APPROVE', '2014-12-11 03:56:15', '2014-12-11 05:02:13', 'OFFCS'),
(175, 1000000027, 2015, 12, '620457', 'VRKT', 'JKTCTR', 6, 'APPROVE', '2014-12-11 05:02:59', '2014-12-11 05:05:26', 'OFFCS'),
(176, 1000000011, 2015, 12, '591359', 'OFFCS', 'BDG1', 5, 'APPROVE', '2014-12-11 05:00:51', '2014-12-11 05:15:16', 'OFFCS'),
(177, 1000000018, 2015, 12, '591660', 'VRKT', 'BDG3', 6, 'APPROVE', '2014-12-11 05:15:18', '2014-12-11 05:22:50', 'OFFCS'),
(178, 1000000028, 2015, 12, '910015', 'VRKT', 'JKTCORP', 6, 'APPROVE', '2014-12-11 05:21:14', '2014-12-11 05:22:51', 'OFFCS'),
(179, 1000000018, 2015, 12, '670071', 'OFFCS', 'BDG3', 5, 'APPROVE', '2014-12-11 05:22:50', '2014-12-11 05:23:44', 'OFFCS'),
(180, 1000000013, 2015, 12, '620819', 'OFFCS', 'BDG4', 5, 'APPROVE', '2014-12-11 04:11:49', '2014-12-11 05:27:30', 'OFFCS'),
(181, 1000000019, 2015, 12, '620819', 'OFFCS', 'BDG4', 5, 'REJECT', '2014-12-11 04:57:54', '2014-12-11 05:29:57', 'OFFCS'),
(182, 1000000004, 2015, 11, '670070', 'MGR', 'BDG1', 4, 'APPROVE', '2014-11-28 04:13:24', '2014-12-11 05:32:28', 'MGR'),
(183, 1000000030, 2015, 12, '591660', 'VRKT', 'BDG3', 6, 'APPROVE', '2014-12-11 05:23:58', '2014-12-11 05:35:42', 'OFFCS'),
(184, 1000000030, 2015, 12, '670071', 'OFFCS', 'BDG3', 5, 'APPROVE', '2014-12-11 05:35:42', '2014-12-11 05:36:15', 'MGR'),
(185, 1000000026, 2015, 12, '620819', 'OFFCS', 'BDG4', 5, 'REJECT', '2014-12-11 05:02:13', '2014-12-11 05:38:35', 'OFFCS'),
(186, 1000000024, 2015, 12, '620819', 'OFFCS', 'BDG4', 5, 'REJECT', '2014-12-11 05:01:10', '2014-12-11 05:38:40', 'OFFCS'),
(187, 1000000021, 2015, 12, '620819', 'OFFCS', 'BDG4', 5, 'REJECT', '2014-12-11 04:59:34', '2014-12-11 05:38:44', 'OFFCS'),
(188, 1000000030, 2015, 12, '641893', 'MGR', 'BDG3', 4, 'APPROVE', '2014-12-11 05:36:15', '2014-12-11 05:39:05', 'MGR'),
(189, 1000000032, 2015, 12, '620457', 'VRKT', 'JKTCTR', 6, 'APPROVE', '2014-12-11 05:39:29', '2014-12-11 05:44:17', 'OFFCS'),
(190, 1000000029, 2015, 12, '700452', 'VRKT', 'BDG2', 6, 'APPROVE', '2014-12-11 05:44:27', '2014-12-11 05:47:23', 'OFFCS'),
(191, 1000000016, 2015, 12, '660144', 'VRKT', 'BDG2', 6, 'APPROVE', '2014-12-11 05:24:19', '2014-12-11 05:49:39', 'OFFCS'),
(192, 1000000032, 2015, 12, '611143', 'OFFCS', 'JKTCTR', 5, 'APPROVE', '0000-00-00 00:00:00', '2014-12-11 05:50:22', 'MGR'),
(193, 1000000027, 2015, 12, '611143', 'OFFCS', 'JKTCTR', 5, 'APPROVE', '0000-00-00 00:00:00', '2014-12-11 05:50:27', 'OFFCS'),
(194, 1000000023, 2015, 12, '611143', 'OFFCS', 'JKTCTR', 5, 'APPROVE', '0000-00-00 00:00:00', '2014-12-11 05:50:45', 'OFFCS'),
(195, 1000000017, 2015, 12, '620969', 'OFFCS', 'JKTCORP', 5, 'APPROVE', '0000-00-00 00:00:00', '2014-12-11 05:51:41', 'MGR'),
(196, 1000000015, 2015, 12, '620969', 'OFFCS', 'JKTCORP', 5, 'APPROVE', '0000-00-00 00:00:00', '2014-12-11 05:51:46', 'MGR'),
(197, 1000000028, 2015, 12, '620969', 'OFFCS', 'JKTCORP', 5, 'APPROVE', '0000-00-00 00:00:00', '2014-12-11 05:52:34', 'OFFCS'),
(198, 1000000017, 2015, 12, '621494', 'MGR', 'JKTCORP', 4, 'APPROVE', '0000-00-00 00:00:00', '2014-12-11 05:53:03', 'MGR'),
(199, 1000000032, 2015, 12, '590737', 'MGR', 'JKTCTR', 4, 'APPROVE', '0000-00-00 00:00:00', '2014-12-11 05:53:26', 'MGR'),
(200, 1000000025, 2015, 12, '641889', 'MGR', 'BDG4', 4, 'APPROVE', '2014-12-11 05:01:59', '2014-12-11 05:53:48', 'OSM'),
(201, 1000000020, 2015, 12, '620819', 'OFFCS', 'BDG4', 5, 'REJECT', '2014-12-11 04:58:10', '2014-12-11 05:54:07', 'OFFCS'),
(202, 1000000022, 2015, 12, '620819', 'OFFCS', 'BDG4', 5, 'APPROVE', '2014-12-11 05:00:16', '2014-12-11 05:54:23', 'OFFCS'),
(203, 1000000033, 2015, 12, '660144', 'VRKT', 'BDG2', 6, 'APPROVE', '2014-12-11 05:52:23', '2014-12-11 05:59:38', 'OFFCS'),
(204, 1000000015, 2015, 12, '621494', 'MGR', 'JKTCORP', 4, 'REJECT', '0000-00-00 00:00:00', '2014-12-11 07:22:57', 'MGR'),
(205, 1000000031, 2015, 12, '910015', 'OFFCS', 'JKTCORP', 6, 'APPROVE', '2014-12-11 07:25:23', '2014-12-11 07:26:46', 'OFFCS'),
(206, 1000000034, 2015, 12, '632163', 'OFFCS', 'BDG4', 6, 'APPROVE', '2014-12-11 07:34:12', '2014-12-11 07:38:34', 'OFFCS'),
(207, 1000000036, 2015, 12, '660144', 'VRKT', 'BDG2', 6, 'APPROVE', '2014-12-11 07:33:06', '2014-12-11 07:43:51', 'OFFCS'),
(208, 1000000031, 2015, 12, '620969', 'OFFCS', 'JKTCORP', 5, 'APPROVE', '0000-00-00 00:00:00', '2014-12-11 07:49:55', 'MGR'),
(209, 1000000031, 2015, 12, '621494', 'MGR', 'JKTCORP', 4, 'APPROVE', '0000-00-00 00:00:00', '2014-12-11 07:50:16', 'MGR'),
(210, 1000000014, 2015, 12, '900038', 'VRKT', 'BDG4', 6, 'APPROVE', '2014-12-11 07:42:01', '2014-12-11 07:50:27', 'OFFCS'),
(211, 1000000037, 2015, 12, '900038', 'VRKT', 'BDG4', 6, 'APPROVE', '2014-12-11 07:52:26', '2014-12-11 07:54:24', 'OFFCS'),
(212, 1000000038, 2015, 12, '660144', 'VRKT', 'BDG2', 6, 'APPROVE', '2014-12-11 07:52:10', '2014-12-11 07:55:48', 'OFFCS'),
(213, 1000000039, 2015, 12, '900038', 'VRKT', 'BDG4', 6, 'APPROVE', '2014-12-11 07:56:11', '2014-12-11 07:59:45', 'MGR'),
(214, 1000000037, 2015, 12, '620819', 'OFFCS', 'BDG4', 5, 'APPROVE', '2014-12-11 07:54:24', '2014-12-11 08:03:28', 'OFFCS'),
(215, 1000000039, 2015, 12, '641889', 'MGR', 'BDG4', 4, 'APPROVE', '2014-12-11 07:59:45', '2014-12-11 08:12:36', 'OSM'),
(216, 1000000040, 2015, 12, '620203', 'VRKT', 'BDG4', 6, 'APPROVE', '2014-12-11 08:27:41', '2014-12-11 08:28:21', 'OFFCS'),
(217, 1000000041, 2015, 12, '660144', 'VRKT', 'BDG2', 6, 'APPROVE', '2014-12-11 08:23:23', '2014-12-11 08:32:00', 'MGR'),
(218, 1000000043, 2015, 12, '670019', 'VRKT', 'BDG4', 6, 'APPROVE', '2014-12-12 03:48:06', '2014-12-12 04:15:46', 'OFFCS'),
(219, 1000000042, 2015, 12, '611716', 'VRKT', 'BDG3', 6, 'APPROVE', '2014-12-12 04:12:10', '2014-12-12 04:17:57', 'OFFCS'),
(220, 1000000043, 2015, 12, '620819', 'OFFCS', 'BDG4', 5, 'APPROVE', '2014-12-12 04:15:46', '2014-12-12 04:18:21', 'OFFCS'),
(221, 1000000044, 2015, 12, '611716', 'VRKT', 'BDG3', 6, 'APPROVE', '2014-12-12 04:23:32', '2014-12-12 04:26:32', 'OFFCS'),
(222, 1000000045, 2015, 12, '670019', 'VRKT', 'BDG4', 6, 'APPROVE', '2014-12-12 04:22:57', '2014-12-12 04:29:37', 'OFFCS'),
(223, 1000000046, 2015, 12, '611209', 'VRKT', 'BDG1', 6, 'APPROVE', '2014-12-12 04:00:04', '2014-12-12 04:30:32', 'OFFCS'),
(224, 1000000045, 2015, 12, '620819', 'OFFCS', 'BDG4', 5, 'APPROVE', '2014-12-12 04:29:37', '2014-12-12 04:31:19', 'MGR'),
(225, 1000000046, 2015, 12, '591359', 'OFFCS', 'BDG1', 5, 'APPROVE', '2014-12-12 04:30:32', '2014-12-12 04:31:23', 'OFFCS'),
(226, 1000000045, 2015, 12, '641889', 'MGR', 'BDG4', 4, 'APPROVE', '2014-12-12 04:31:19', '2014-12-12 04:34:14', 'MGR'),
(227, 1000000047, 2015, 12, '680450', 'VRKT', 'BDG2', 6, 'APPROVE', '2014-12-12 04:24:37', '2014-12-12 04:36:20', 'OFFCS'),
(228, 1000000048, 2015, 12, '640694', 'VRKT', 'BDG1', 6, 'APPROVE', '2014-12-12 03:59:40', '2014-12-12 04:36:27', 'OFFCS'),
(229, 1000000053, 2015, 12, '640694', 'VRKT', 'BDG1', 6, 'APPROVE', '2014-12-12 04:39:51', '2014-12-12 04:46:28', 'OFFCS'),
(230, 1000000054, 2015, 12, '680450', 'VRKT', 'BDG2', 6, 'APPROVE', '2014-12-12 04:36:35', '2014-12-12 04:50:16', 'OFFCS'),
(231, 1000000055, 2015, 12, '680450', 'VRKT', 'BDG2', 6, 'APPROVE', '2014-12-12 04:50:53', '2014-12-12 04:53:39', 'OFFCS'),
(232, 1000000056, 2015, 12, '680450', 'VRKT', 'BDG2', 6, 'APPROVE', '2014-12-12 04:54:26', '2014-12-12 04:57:31', 'OFFCS'),
(233, 1000000042, 2015, 12, '670071', 'OFFCS', 'BDG3', 5, 'APPROVE', '2014-12-12 04:17:57', '2014-12-12 04:58:20', 'OFFCS'),
(234, 1000000050, 2015, 12, '710240', 'VRKT', 'BDG3', 6, 'APPROVE', '2014-12-12 04:41:13', '2014-12-12 05:00:11', 'OFFCS'),
(235, 1000000050, 2015, 12, '670071', 'OFFCS', 'BDG3', 5, 'APPROVE', '2014-12-12 05:00:11', '2014-12-12 05:01:07', 'OFFCS'),
(236, 1000000053, 2015, 12, '591359', 'OFFCS', 'BDG1', 5, 'APPROVE', '2014-12-12 04:46:28', '2014-12-12 05:02:00', 'OFFCS'),
(237, 1000000056, 2015, 12, '630734', 'OFFCS', 'BDG2', 5, 'APPROVE', '2014-12-12 04:57:31', '2014-12-12 05:03:02', 'OFFCS'),
(238, 1000000054, 2015, 12, '630734', 'OFFCS', 'BDG2', 5, 'APPROVE', '2014-12-12 04:50:16', '2014-12-12 05:03:14', 'OFFCS'),
(239, 1000000047, 2015, 12, '630734', 'OFFCS', 'BDG2', 5, 'REJECT', '2014-12-12 04:36:20', '2014-12-12 05:03:22', 'MGR'),
(240, 1000000055, 2015, 12, '630734', 'OFFCS', 'BDG2', 5, 'APPROVE', '2014-12-12 04:53:39', '2014-12-12 05:09:06', 'OFFCS'),
(241, 1000000041, 2015, 12, '612506', 'MGR', 'BDG2', 4, 'REJECT', '2014-12-11 08:32:00', '2014-12-12 05:09:22', ''),
(242, 1000000057, 2015, 12, '710240', 'VRKT', 'BDG3', 6, 'APPROVE', '2014-12-12 05:21:24', '2014-12-12 05:24:13', 'OFFCS'),
(243, 1000000035, 2015, 12, '610281', 'VRKT', 'BDG1', 6, 'APPROVE', '2014-12-18 00:38:21', '2014-12-18 00:38:46', 'OFFCS'),
(244, 1000000058, 2015, 12, '700452', 'VRKT', 'BDG2', 6, 'APPROVE', '2014-12-18 10:08:33', '2014-12-18 10:09:39', 'OFFCS'),
(245, 1000000012, 2015, 12, '612506', 'MGR', 'BDG2', 4, 'APPROVE', '2014-12-11 04:47:48', '2014-12-18 10:16:01', ''),
(246, 1000000058, 2015, 12, '630734', 'OFFCS', 'BDG2', 5, 'APPROVE', '2014-12-18 10:09:39', '2014-12-18 10:20:04', 'OFFCS'),
(247, 1000000036, 2015, 12, '610281', 'VRKT', 'BDG1', 6, 'APPROVE', '2014-12-18 10:28:47', '2014-12-18 10:29:16', 'OFFCS'),
(249, 1000000037, 2015, 12, '610281', 'VRKT', 'BDG1', 0, 'Deleted', '2014-12-20 23:46:56', '2014-12-20 23:46:56', ''),
(250, 1000000038, 2015, 12, '610281', 'VRKT', 'BDG1', 0, 'DELETED', '2014-12-21 00:16:48', '2014-12-21 00:16:48', ''),
(251, 1000000039, 2015, 12, '610281', 'VRKT', 'BDG1', 0, 'DELETED', '2014-12-21 00:19:34', '2014-12-21 00:19:34', ''),
(252, 1000000060, 2015, 12, '610281', 'VRKT', 'BDG1', 0, 'DELETED', '2014-12-21 09:20:06', '2014-12-21 09:20:06', ''),
(253, 1000000061, 2015, 12, '610281', 'VRKT', 'BDG1', 0, 'DELETED', '2014-12-21 10:16:15', '2014-12-21 10:16:15', ''),
(254, 1000000062, 2015, 12, '610281', 'VRKT', 'BDG1', 0, 'DELETED', '2014-12-21 10:40:33', '2014-12-21 10:40:33', ''),
(255, 1000000001, 2015, 1, '610281', 'VRKT', 'BDG1', 0, 'DELETED', '2015-01-17 17:12:49', '2015-01-17 17:12:49', ''),
(256, 1000000002, 2015, 1, '610281', 'VRKT', 'BDG1', 0, 'DELETED', '2015-01-17 17:15:29', '2015-01-17 17:15:29', '');

-- --------------------------------------------------------

--
-- Table structure for table `trx_limitation`
--

CREATE TABLE IF NOT EXISTS `trx_limitation` (
  `PRIORITY` int(2) NOT NULL,
  `LEVEL` varchar(5) NOT NULL,
  `FIATUR` varchar(5) NOT NULL,
  `MIN_VALUE` double NOT NULL,
  `MAX_VALUE` double NOT NULL,
  `CURRENCY` varchar(3) NOT NULL,
  `FLOW` text NOT NULL,
  `REJECT_FLOW` text NOT NULL
) ENGINE=InnoDB DEFAULT CHARSET=latin1;

--
-- Dumping data for table `trx_limitation`
--

INSERT INTO `trx_limitation` (`PRIORITY`, `LEVEL`, `FIATUR`, `MIN_VALUE`, `MAX_VALUE`, `CURRENCY`, `FLOW`, `REJECT_FLOW`) VALUES
(1, 'SGM', 'DPT', 100000000001, 900000000000, 'IDR', '6,4,3,2', '2,4,3,6'),
(2, 'DPT', 'DPT', 25000000001, 100000000000, 'IDR', '6,4,3,2', '2,4,3,6'),
(3, 'OSM', 'DPT', 5000000001, 25000000000, 'IDR', '6,4,3,2', '2,4,3,6'),
(4, 'MGR', 'OSM', 250000001, 5000000000, 'IDR', '6,4,3', '3,4,6'),
(5, 'OFFCS', 'MGR', 25000001, 250000000, 'IDR', '6,5,4', '4,5,6'),
(6, 'VRKT', 'OFFCS', 0, 25000000, 'IDR', '6,5', '5,6');

-- --------------------------------------------------------

--
-- Table structure for table `trx_number`
--

CREATE TABLE IF NOT EXISTS `trx_number` (
  `DOC_NUMB_START` int(10) NOT NULL,
  `YEAR` int(4) NOT NULL,
  `CURRENT_DOC_NUMB` int(10) NOT NULL
) ENGINE=InnoDB DEFAULT CHARSET=latin1;

--
-- Dumping data for table `trx_number`
--

INSERT INTO `trx_number` (`DOC_NUMB_START`, `YEAR`, `CURRENT_DOC_NUMB`) VALUES
(1000000000, 2014, 1000000062),
(1000000000, 2015, 1000000063),
(1000000000, 2016, 1000000000);

-- --------------------------------------------------------

--
-- Table structure for table `user_authorization`
--

CREATE TABLE IF NOT EXISTS `user_authorization` (
  `USERNAME` varchar(15) NOT NULL,
  `LEVEL` varchar(5) NOT NULL,
  `AREA` varchar(40) NOT NULL
) ENGINE=InnoDB DEFAULT CHARSET=latin1;

--
-- Dumping data for table `user_authorization`
--

INSERT INTO `user_authorization` (`USERNAME`, `LEVEL`, `AREA`) VALUES
('580222', 'OSM', 'BDG1,BDG2,BDG3,BDG4,JKTCORP,JKTCTR'),
('590393', 'MGR', 'XXXBDG1'),
('590737', 'MGR', 'JKTCTR'),
('591359', 'OFFCS', 'BDG1'),
('591660', 'VRKT', 'BDG3'),
('610281', 'VRKT', 'BDG1'),
('611143', 'OFFCS', 'JKTCTR'),
('611209', 'VRKT', 'BDG1'),
('611716', 'VRKT', 'BDG3'),
('612292', 'VRKT', 'JKTCORP'),
('612506', 'MGR', 'BDG2'),
('620203', 'VRKT', 'BDG4'),
('620457', 'VRKT', 'JKTCTR'),
('620819', 'OFFCS', 'BDG4'),
('620820', 'VRKT', 'BDG3'),
('620969', 'OFFCS', 'JKTCORP'),
('621260', 'VRKT', 'JKTCORP'),
('621486', 'MGRR', 'BDG1,BDG2,BDG3,BDG4,JKTCORP,JKTCTR'),
('621494', 'MGR', 'JKTCORP'),
('621555', 'MGRR', 'BDG1,BDG2,BDG3,BDG4,JKTCORP,JKTCTR'),
('622281', 'OFFCS', 'BDG1'),
('630734', 'OFFCS', 'BDG2'),
('630827', 'OFFCS', 'BDG1'),
('632163', 'VRKT', 'BDG4'),
('640694', 'VRKT', 'BDG1'),
('641107', 'VRKT', 'BDG2'),
('641889', 'MGR', 'BDG4'),
('641893', 'MGR', 'BDG3'),
('650459', 'VRKT', 'JKTCTR'),
('660144', 'VRKT', 'BDG2'),
('670019', 'VRKT', 'BDG4'),
('670070', 'MGR', 'BDG1'),
('670071', 'OFFCS', 'BDG3'),
('680007', 'VRKT', 'JKTCORP'),
('680450', 'VRKT', 'BDG2'),
('700452', 'VRKT', 'BDG2'),
('710240', 'VRKT', 'BDG3'),
('900038', 'VRKT', 'BDG4'),
('910015', 'VRKT', 'JKTCORP'),
('admin', 'MGRR', 'BDG1,BDG2,BDG3,BDG4,JKTCORP,JKTCTR'),
('DPT', 'DPT', 'I001'),
('MGR', 'MGR', 'I001'),
('MGRR', 'MGR', 'BDG1'),
('OFFCS', 'OFFCS', 'I001'),
('OSM', 'OSM', 'I001'),
('SGM', 'SGM', 'I001'),
('VRKT', 'VRKT', 'I001');

-- --------------------------------------------------------

--
-- Table structure for table `user_detail`
--

CREATE TABLE IF NOT EXISTS `user_detail` (
  `USERNAME` varchar(15) NOT NULL,
  `NAMA_DEPAN` varchar(30) NOT NULL,
  `NAMA_BELAKANG` varchar(15) NOT NULL,
  `DEPARTEMEN` text NOT NULL,
  `AREA` varchar(40) NOT NULL
) ENGINE=InnoDB DEFAULT CHARSET=latin1;

--
-- Dumping data for table `user_detail`
--

INSERT INTO `user_detail` (`USERNAME`, `NAMA_DEPAN`, `NAMA_BELAKANG`, `DEPARTEMEN`, `AREA`) VALUES
('580222', 'AGUNG SUTRISNO', '', 'FINANCE CENTER', 'BDG1,BDG2,BDG3,BDG4,JKTCORP,JKTCTR'),
('590393', 'NOOR INDAH TRIW', 'q', 'CASH OPERATION', 'XXXBDG1'),
('590737', 'TOTO AGUNG PRAB', '', 'FINANCE CENTER', 'JKTCTR'),
('591359', 'SULISTYAWARNI', '', 'CASH & BANK', 'BDG1'),
('591660', 'UDIN SARIPUDIN', '', 'FINANCE SERVICE', 'BDG3'),
('610281', 'SHOEFI KADARIAH', '', 'FINANCE SERVICE', 'BDG1'),
('611143', 'ARSAD ACHMAD BE', '', 'CASH & BANK', 'JKTCTR'),
('611209', 'TATI RUSTIYATI', '', 'FINANCE SERVICE', 'BDG1'),
('611716', 'BAMBANG SULISTI', '', 'FINANCE SERVICE', 'BDG3'),
('612292', 'SRI WARNINGSIH', '', 'FINANCE SERVICE', 'JKTCORP'),
('612506', 'RITA HARTATI', '', 'FINANCE SERVICE', 'BDG2'),
('620203', 'SITI LILIS ROSI', '', 'FINANCE SERVICE', 'BDG4'),
('620457', 'NASRUL IRIANTO', '', 'FINANCE SERVICE', 'JKTCTR'),
('620819', 'TIA UTARY', '', 'CASH & BANK', 'BDG4'),
('620820', 'SUMIATI', '', 'FINANCE SERVICE', 'BDG3'),
('620969', 'MEIDIAWATI', '', 'CASH & BANK', 'JKTCORP'),
('621260', 'NURDIN ISMAIL', '', 'FINANCE SERVICE', 'JKTCORP'),
('621486', 'CECEP SUPRIADI', '', 'ACCOUNTING', 'BDG1,BDG2,BDG3,BDG4,JKTCORP,JKTCTR'),
('621494', 'KRISNO WIBOWO', '', 'FINANCE CORPORATE', 'JKTCORP'),
('621555', 'PUTU IRAWAN', '', 'ACCOUNTING', 'BDG1,BDG2,BDG3,BDG4,JKTCORP,JKTCTR'),
('622281', 'SUMBONO', '', 'CASH IN OPERATION', 'BDG1'),
('630734', 'HARYANTA', '', 'CASH & BANK', 'BDG2'),
('630827', 'PRIWANTI', '', 'FINANCE SERVICE', 'BDG1'),
('632163', 'HELLY TRESNAWAT', '', 'FINANCE SERVICE', 'BDG4'),
('640694', 'FERRI YUDISTIRA', '', 'FINANCE SERVICE', 'BDG1'),
('641107', 'FIRDATIN HASTUT', '', 'FINANCE SERVICE', 'BDG2'),
('641889', 'SUWARSONO', '', 'MANAGER', 'BDG4'),
('641893', 'NURYAHYA', '', 'FINANCE SERVICE', 'BDG3'),
('650459', 'EFRIYANTI', '', 'FINANCE SERVICE', 'JKTCTR'),
('660144', 'HESTI MULIASARI', '', 'FINANCE SERVICE', 'BDG2'),
('670019', 'SRI WAHYUNI, SA', '', 'FINANCE SERVICE', 'BDG4'),
('670070', 'FERRI YUDISTIRA S.A.', '', 'CASH OPERATION', 'BDG1'),
('670071', 'SRI POERNAMADEW', '', 'CASH & BANK', 'BDG3'),
('680007', 'HASUNA SAIDA', '', 'FINANCE SERVICE', 'JKTCORP'),
('680450', 'EVA PETTY', '', 'FINANCE SERVICE', 'BDG2'),
('700452', 'ELNITA HASYIM', '', 'FINANCE SERVICE', 'BDG2'),
('710240', 'IIS AGUSTINI', '', 'FINANCE SERVICE', 'BDG3'),
('900038', 'TYA ANANDYA', '', 'FINANCE SERVICE', 'BDG4'),
('910015', 'UCU PRATIWI', '', 'FINANCE SERVICE', 'JKTCORP'),
('admin', 'administrator', 'smart fca', 'IT', 'BDG1,BDG2,BDG3,BDG4,JKTCORP,JKTCTR'),
('DPT', 'DEPUTY DPN', 'BELAKANG', 'FINANCE', ''),
('MGRR', 'MANAGER FI DPN', 'BELAKANG', 'FINANCE', 'BDG1'),
('OFFCS', 'OFFICER CS DPN', 'BELAKANG', 'FINANCE', ''),
('OSM', 'OSM FCA 5 DPN', 'BELAKANG', 'FINANCE', ''),
('SGM', 'SGM FBCC DPN', 'BELAKANG', 'FINANCE', ''),
('VRKT', 'Verifikator DPN', 'BLKG', 'FINANCE', '');

-- --------------------------------------------------------

--
-- Table structure for table `user_login`
--

CREATE TABLE IF NOT EXISTS `user_login` (
  `USERNAME` varchar(15) NOT NULL,
  `GUID_LOGIN` varchar(32) NOT NULL,
  `TIME_STAMP` datetime NOT NULL
) ENGINE=InnoDB DEFAULT CHARSET=latin1;

--
-- Dumping data for table `user_login`
--

INSERT INTO `user_login` (`USERNAME`, `GUID_LOGIN`, `TIME_STAMP`) VALUES
('000000', '', '2015-01-28 07:00:00');

-- --------------------------------------------------------

--
-- Table structure for table `user_mapping`
--

CREATE TABLE IF NOT EXISTS `user_mapping` (
`INDEX` int(11) NOT NULL,
  `LEVEL` varchar(5) NOT NULL,
  `LEVEL_TEXT` varchar(30) NOT NULL,
  `AREA` varchar(40) NOT NULL,
  `AREA_TEXT` varchar(30) NOT NULL
) ENGINE=InnoDB  DEFAULT CHARSET=latin1 AUTO_INCREMENT=190 ;

--
-- Dumping data for table `user_mapping`
--

INSERT INTO `user_mapping` (`INDEX`, `LEVEL`, `LEVEL_TEXT`, `AREA`, `AREA_TEXT`) VALUES
(158, 'MGR', 'FINANCE SERVICE', 'BDG1', 'UNIT BANDUNG I'),
(159, 'OFFCS', 'CASH & BANK', 'BDG1', 'UNIT BANDUNG I'),
(160, 'OFFCS', 'FINANCE SERVICE', 'BDG1', 'UNIT BANDUNG I'),
(161, 'OFFCS', 'CASH IN OPERATION', 'BDG1', 'UNIT BANDUNG I'),
(162, 'VRKT', 'FINANCE SERVICE', 'BDG1', 'UNIT BANDUNG I'),
(163, 'MGR', 'FINANCE SERVICE', 'BDG2', 'UNIT BANDUNG II'),
(164, 'OFFCS', 'CASH & BANK', 'BDG2', 'UNIT BANDUNG II'),
(165, 'VRKT', 'FINANCE SERVICE', 'BDG2', 'UNIT BANDUNG II'),
(166, 'MGR', 'FINANCE SERVICE', 'BDG3', 'UNIT BANDUNG III'),
(167, 'OFFCS', 'CASH & BANK', 'BDG3', 'UNIT BANDUNG III'),
(168, 'VRKT', 'FINANCE SERVICE', 'BDG3', 'UNIT BANDUNG III'),
(169, 'MGR', 'FINANCE SERVICE', 'BDG4', 'UNIT BANDUNG IV'),
(170, 'OFFCS', 'CASH & BANK', 'BDG4', 'UNIT BANDUNG IV'),
(171, 'VRKT', 'FINANCE SERVICE', 'BDG4', 'UNIT BANDUNG IV'),
(172, 'MGR', 'FINANCE', 'JKTCORP', 'CORPORATE JAKARTA'),
(173, 'OFFCS', 'CASH & BANK', 'JKTCORP', 'CORPORATE JAKARTA'),
(174, 'VRKT', 'FINANCE SERVICE', 'JKTCORP', 'CORPORATE JAKARTA'),
(175, 'MGR', 'FINANCE', 'JKTCTR', 'CENTER JAKARTA'),
(176, 'OFFCS', 'CASH & BANK', 'JKTCTR', 'CENTER JAKARTA'),
(177, 'VRKT', 'FINANCE SERVICE', 'JKTCTR', 'CENTER JAKARTA'),
(178, 'OSM', 'FINANCE CENTER', 'BDG1', 'UNIT BANDUNG I'),
(179, 'OSM', 'FINANCE CENTER', 'BDG2', 'UNIT BANDUNG II'),
(180, 'OSM', 'FINANCE CENTER', 'BDG3', 'UNIT BANDUNG III'),
(181, 'OSM', 'FINANCE CENTER', 'BDG4', 'UNIT BANDUNG IV'),
(182, 'OSM', 'FINANCE CENTER', 'JKTCORP', 'CORPORATE JAKARTA'),
(183, 'OSM', 'FINANCE CENTER', 'JKTCTR', 'CENTER JAKARTA'),
(184, 'MGRR', 'ACCOUNTING', 'BDG1', 'UNIT BANDUNG I'),
(185, 'MGRR', 'ACCOUNTING', 'BDG2', 'UNIT BANDUNG II'),
(186, 'MGRR', 'ACCOUNTING', 'BDG3', 'UNIT BANDUNG III'),
(187, 'MGRR', 'ACCOUNTING', 'BDG4', 'UNIT BANDUNG IV'),
(188, 'MGRR', 'ACCOUNTING', 'JKTCORP', 'CORPORATE JAKARTA'),
(189, 'MGRR', 'ACCOUNTING', 'JKTCTR', 'CENTER JAKARTA');

-- --------------------------------------------------------

--
-- Table structure for table `user_password`
--

CREATE TABLE IF NOT EXISTS `user_password` (
  `USERNAME` varchar(15) NOT NULL,
  `PASSWORD` varchar(15) NOT NULL
) ENGINE=InnoDB DEFAULT CHARSET=latin1;

--
-- Dumping data for table `user_password`
--

INSERT INTO `user_password` (`USERNAME`, `PASSWORD`) VALUES
('580222', '58b1250385c806c'),
('590393', '58b1250385c806c'),
('590737', '58b1250385c806c'),
('591359', '58b1250385c806c'),
('591660', '58b1250385c806c'),
('610281', '58b1250385c806c'),
('611143', '58b1250385c806c'),
('611209', '58b1250385c806c'),
('611716', '58b1250385c806c'),
('612292', '58b1250385c806c'),
('612506', '58b1250385c806c'),
('620203', '58b1250385c806c'),
('620457', '58b1250385c806c'),
('620819', '58b1250385c806c'),
('620820', '58b1250385c806c'),
('620969', '58b1250385c806c'),
('621260', '58b1250385c806c'),
('621486', '58b1250385c806c'),
('621494', '58b1250385c806c'),
('621555', '58b1250385c806c'),
('622281', '58b1250385c806c'),
('630734', '58b1250385c806c'),
('630827', '58b1250385c806c'),
('632163', '58b1250385c806c'),
('640694', '58b1250385c806c'),
('641107', '58b1250385c806c'),
('641889', '58b1250385c806c'),
('641893', '58b1250385c806c'),
('650459', '58b1250385c806c'),
('660144', '58b1250385c806c'),
('670019', '58b1250385c806c'),
('670070', '58b1250385c806c'),
('670071', '58b1250385c806c'),
('680007', '58b1250385c806c'),
('680450', '58b1250385c806c'),
('700452', '58b1250385c806c'),
('710240', '58b1250385c806c'),
('900038', '58b1250385c806c'),
('910015', '58b1250385c806c'),
('admin', '58b1250385c806c'),
('DPT', '53184580bb2a158'),
('MGRR', '7363a902afb9648'),
('OFFCS', '07a2ba935e443d5'),
('OSM', 'e2b8442ca278d23'),
('SGM', '71b20221a48d73b'),
('VRKT', '30e8f8469e691a3');

--
-- Indexes for dumped tables
--

--
-- Indexes for table `trx_detail`
--
ALTER TABLE `trx_detail`
 ADD PRIMARY KEY (`DOC_NUMBER`,`YEAR`,`MONTH`,`LEVEL`,`AREA`,`FIATUR`,`APPROVAL_LEVEL`,`REJECT_FLAG`,`NOT_COMPLETE`,`NO_SAP`,`NO_SPB`);

--
-- Indexes for table `trx_history`
--
ALTER TABLE `trx_history`
 ADD PRIMARY KEY (`LOG_NUMBER`,`DOC_NUMBER`,`YEAR`,`MONTH`,`USER`);

--
-- Indexes for table `trx_limitation`
--
ALTER TABLE `trx_limitation`
 ADD PRIMARY KEY (`PRIORITY`,`LEVEL`,`FIATUR`);

--
-- Indexes for table `trx_number`
--
ALTER TABLE `trx_number`
 ADD PRIMARY KEY (`YEAR`);

--
-- Indexes for table `user_authorization`
--
ALTER TABLE `user_authorization`
 ADD PRIMARY KEY (`USERNAME`,`LEVEL`);

--
-- Indexes for table `user_detail`
--
ALTER TABLE `user_detail`
 ADD PRIMARY KEY (`USERNAME`);

--
-- Indexes for table `user_login`
--
ALTER TABLE `user_login`
 ADD PRIMARY KEY (`USERNAME`);

--
-- Indexes for table `user_mapping`
--
ALTER TABLE `user_mapping`
 ADD PRIMARY KEY (`INDEX`,`LEVEL`,`AREA`);

--
-- Indexes for table `user_password`
--
ALTER TABLE `user_password`
 ADD PRIMARY KEY (`USERNAME`);

--
-- AUTO_INCREMENT for dumped tables
--

--
-- AUTO_INCREMENT for table `trx_history`
--
ALTER TABLE `trx_history`
MODIFY `LOG_NUMBER` bigint(20) NOT NULL AUTO_INCREMENT,AUTO_INCREMENT=257;
--
-- AUTO_INCREMENT for table `user_mapping`
--
ALTER TABLE `user_mapping`
MODIFY `INDEX` int(11) NOT NULL AUTO_INCREMENT,AUTO_INCREMENT=190;
/*!40101 SET CHARACTER_SET_CLIENT=@OLD_CHARACTER_SET_CLIENT */;
/*!40101 SET CHARACTER_SET_RESULTS=@OLD_CHARACTER_SET_RESULTS */;
/*!40101 SET COLLATION_CONNECTION=@OLD_COLLATION_CONNECTION */;
